회차,시간,인물,대사
9,25~30,정진영,"그래! 반갑다, 두한아! 어머니가 많이 반가워하실 거야!"
9,25~30,정진영,고맙다. 올 때마다 이런 것을 들고 오는구나...
9,25~30,정진영,올라가자...
9,25~30,정진영,자 들어가자. 집 뒤에다가 방을 하나 만들었어. 그래도 내 방이 있으니까 좋아. 응?
9,25~30,정진영,뭣이 어째 동생?
9,25~30,정진영,주은 것도 있고 얻은 것도 있고... 산 것도 있고...
9,25~30,정진영,말도 마라. 담배에 술에 왕초 노릇 아주 단단히 한다
9,25~30,정진영,자식하고는... 
9,25~30,정진영,야 왕초라고 유세부리는 꼴 요즘 못 봐준단다? 어?
9,30~35,정진영,"야, 개코, 너 또 취했다. 또 취했어... 그만 좀 마셔라. 어린 놈이 술은..."
9,30~35,정진영,아 싫어...*
9,30~35,정진영,하하... 자 앉자. 으이구 참...*
9,30~35,정진영,"그래, 공산당 선언이라는 책이야. 마르크스란 서양 사람이 지은 건데, 세상은 모두 평등하게 살아야 한다 그런 거래."
9,30~35,정진영,아 나두 실은 잘 몰라. 너무 어려운 말들이 많아서... 하지만 좋은 책인 건 분명해.
9,30~35,정진영,"그러니까 공부를 해야지. 그 다음엔 이렇게 씌여있어. 프로레타리아여, 단결하라. 우리가 잃을 것은 쇠사슬뿐이다. "
9,30~35,정진영,프로레타리아? 우리말로는 무산 계급을 말하는 건데...
9,30~35,정진영,하 이게... 쉽게 말하자면 우리 같이 못사는 사람들을 말하는 거야. 이 책 제목이 공산당 선언이잖아... 근데 이 공산당이 못사는 사람들을 위해 싸우는 사람들이래. 흐흐흐...
9,30~35,정진영,헤... 지금도 늦지 않았어. 너도 공부를 해 봐.
9,30~35,정진영,아 너희 할아버지는 좋으신 분인데 왜 너를 학교를 보내지 않았을까?
9,35~40,정진영,만주? 독립 군...? 
9,35~40,정진영,그것도 나쁠 건 없어. 사람은 누구나 자기가 하고 싶은 것을 해야 한다고 배웠어. 나는 공산당이 될 거야. 못사는 사람들을 위해 일할 거야. 프로레타리아 말이야. 
10,50~55,정진영,글쎄...*
10,50~55,정진영,"야, 잠깐만... 아저씨, 최기자 아저씨? 안녕하세요? 아 저 모르시겠어요? 두한이 친구 정진영이에요.* "
10,50~55,정진영,응? 예...? 저 무슨 말씀이세요? 면회라니요?* 
10,50~55,정진영,"왜요? 아이, 두, 두한이가 왜요?*"
10,55~60,정진영,두한이 아버지와 관련된 사건이야. 쉽게 나오지 못할 것 같아. 
10,55~60,정진영,예전 일이 발각된 거야.
10,55~60,정진영,두한이가 고생을 많이 하고 있을 거야... 심한 고문도 당하고...
10,55~60,정진영,"아마 그럴 거예요, 어머니..."
10,55~60,정진영,하아...
11,40~45,정진영,일은 다 끝냈어?
11,40~45,정진영,누가 왔는데? 
11,40~45,정진영,하...! 두한아!*
11,40~45,정진영,삼청동 어른들껜 인사 드렸니?*
11,40~45,정진영,"그래, 기억 나.*"
11,40~45,정진영,주의해서 볼 사람이란 얘기야.
11,40~45,정진영,그럼 만주로 갈 방법은 생각해 놓은 거 있어? 
11,40~45,정진영,밀선?
11,40~45,정진영,밀선이라면... 어 내가 알아봐 줄 수도 있을 것 같다.
11,40~45,정진영,"야 개코, 너도 기억 나지? 언젠가 털보라는 녀석이 밀선에 대해 말한 적 있잖아? "
11,40~45,정진영,종로에서 노는 놈인데 중국인 촌에도 자주 드나들어. 그 녀석이라면 밀선에 대해 잘 알고있을 거야. 
11,40~45,정진영,"그래 그렇게 해 보자. 그 털보라는 녀석, 우리가 잘 아는 놈이거든. 내가 한 번 알아볼게. 잘하면 밀선을 탈수도 있을 거야. 분명히 우리에게 밀선에 대해 말한 적 있었거든."
11,45~50,정진영,"야, 야, 야...! 소리내지 말고 마셔. 조용...!*"
11,45~50,정진영,"어, 여기야! 이리 와.*"
11,45~50,정진영,으흠... 너... 우리한테 중국인 밀선에 대해 말한 적 있었지?*
11,45~50,정진영,내 친구가 만주에 가려고 하는데 말이야.*
11,45~50,정진영,에 그러니까 털보 너한테 부탁하는 거 아니겠냐? 너라면 할 수 있을 거 같아서.*
11,45~50,정진영,얼마나 필요한데?*
11,45~50,정진영,뭐? 백 원? 아니 그렇게나 많이...?*
11,45~50,정진영,백 원이라... 백 원...*
11,45~50,정진영,약속 꼭 지켜야 해.*
11,45~50,정진영,그건 걱정말고 빨리 알아보기나 해.*
11,45~50,정진영,생각 같아선 나도 너하고 함께 만주로 가고 싶다. 나도 가서 큰 일을 하고 싶어.
11,45~50,정진영,"그래, 어머니 때문이지... 하지만, 독립군이 되지 못하지만 나도 여기서 열심히 살게. 말했지만 난 공산주의자가 될 거야. 무산계급 속에서 모두가 다 잘사는 세상을 만들 거야. 두고 봐. 그렇게 할 거야."
11,45~50,정진영,그나저나 일이 잘 되어야 할 텐데... 털보가 과연 잘 해낼까? 우리도 그 녀석을 안 지가 그렇게 오래 되지 않았거든...
11,50~55,정진영,또 술타령이냐? 하여튼 이 개코하고는...
11,50~55,정진영,"얘는 중독이야. 하루도 안 마시면 못 산다고. 큰 일이야, 큰 일..."
11,50~55,정진영,"야 너희, 너희들 털보 못 봤냐? 털보 말이야.*"
11,50~55,정진영,뭐? 종로 회관에서? 고맙다.*
11,50~55,정진영,안녕하세요.
11,50~55,정진영,"야, 털보?"
11,50~55,정진영,너 나 좀 보자.
11,50~55,정진영,무슨 일 있냐고? 너 지금 그걸 말이라고 하는 거야? 
11,50~55,정진영,어떻게 된 거야? 왜 약속장소에 안 나온 거야?
11,50~55,정진영,그러면 그렇다 얘기를 해줘야지. 너 얼마나 찾아다녔는 줄 알아? 이 그럼 언제쯤 되는 거야?
11,50~55,정진영,뭐...? 한 달도 더 걸린다고?
11,50~55,정진영,"아 조용히 해...! 야, 털보, 너 안 되겠다. 그 돈 내놔. 우린 그렇게 못 기다려."
11,50~55,정진영,뭐? 
11,50~55,정진영,이 자식이! 내놔. 그 돈이 어떤 돈인 줄 알아!
11,50~55,정진영,나쁜 자식!
11,50~55,정진영,"어서, 내놔!*"
11,50~55,정진영,"윽...! 어윽... 털보, 안 돼... 그 돈은 돌려줘야 돼... 털보...! 윽...!"
11,55~60,정진영,"야, 털보! 털보, 거기서. 거기 서란 말이야."
11,55~60,정진영,"내놔, 그 돈 내놔. 내 친구 돈이야. 그게 없으면 안 돼. 내 놔! 내 놓으라고 이...!"
11,55~60,정진영,내놔...!*
12,0~5,정진영,"두, 두한아, 저 사람은 안 돼. 죄송하다고 해. 어?"
12,0~5,정진영,그러게 말이야...**
12,5~10,정진영,악!*
12,15~20,정진영,하지만 앞으로가 걱정이다. 걔네들이 가만있지 않을 거야. 보복을 해 올 거라고.
12,15~20,정진영,쌍칼이 오면?
12,15~20,정진영,너 몰라? 김무옥이의 오야붕. 구마적도 싸움 실력 인정하고 형님 동생으로 지내는 사이야. 
12,15~20,정진영,"두한아, 일단 피하는 게 어떻겠냐? 우리를 아니까 분명 이 곳으로 찾아 올 거야. "
12,15~20,정진영,특히 칼을 빼들면 아무도 당하지 못한대. 
12,15~20,정진영,하지만 특별한 경우만 칼을 써. 쌍칼이 칼을 빼든 모습을 본 사람은 별로 없어.
12,25~30,정진영,"미안하다, 두한아. 괜히 나 때문에..."
12,25~30,정진영,하유... 만주는 이제 어떡하냐? 털보가 순순히 돈을 돌려준다고 해도 밀선을 타긴 틀렸잖아?
12,25~30,정진영,응. 알아.
12,35~40,정진영,"아, 예."
12,35~40,정진영,두한아... 저 문영철의 말이 옳아. 저들이 형이라고 부르는 사람이 바로 쌍칼이야. 조선 팔도가 다 아는 주먹이라고...
12,40~45,정진영,쌍칼한테는 안돼. 더 이상은 무모한 짓이야. 아 저들은 종로통에 건달들이야. 건달 말이야. 
12,40~45,정진영,두한아 넌 만주를 가야 해. 여기서 이럴 필요가 없잖아? 혹시라도 잘못되면 만주고 뭐고 다 끝나는 거야.
12,40~45,정진영,하지만 두한아...!
12,40~45,정진영,정말 가려고 하냐? 쌍칼한테 갈 거야?
12,55~60,정진영,글쎄...
13,0~5,정진영,아잇... 제발 설레발 좀 치지말고 잠자코 있어. 두한이한테 무슨 일이 생기면 나도 가만히 있지 않을 거야.
13,5~10,정진영,조금만 더 기다려 보자. 
13,10~15,정진영,어?
13,10~15,정진영,야...! 야야야...!*
13,10~15,정진영,궁금해서 뒤따라 왔어. 어떻게 된 거야? 얘긴 잘 됐어? 
13,10~15,정진영,야야야...!*
13,10~15,정진영,다행이다. 그런데 웬 술을 이렇게 마셨냐? 어?*
13,10~15,정진영,"야 두한아, 정신 차려... 어?"
13,10~15,정진영,"야, 야, 그만해...! 어서 가자. 두한이 많이 취한 것 같다. 어서...*"
13,15~20,정진영,쌍칼이 술까지 사주고 보냈다는 것은 정말 기적이다. 기적이야. 
13,15~20,정진영,"그건 그래. 쌍칼 그 사람이 무섭긴 하지만, 시장 사람들은 다들 좋아한다고. "
13,15~20,정진영,"그렇지 않아...! 독립군 대장의 아들이 거리의 주먹패가 될 수는 없는 거잖아? 잘했어, 두한아."
13,15~20,정진영,아이 칫...!* 음... 앞으로 어떡할 거냐? 만주도 당장은 그렇고...
13,15~20,정진영,"우리가 차라리 아, 직접 진서방이라는 사람을 만나보는 게 어떻겠냐? 물어물어 찾아가면 만날 수 있을 거야. "
13,15~20,정진영,"어, 야 저기다.*"
13,20~25,정진영,"아무래도 만주는 정말 안되는 모양이다. 너 최기자 님을 만나 볼 거야?* 진서방도 저렇게 손을 내젓는데, 최기자님도 어렵지 않을까? "
13,20~25,정진영,"그래, 우리 뭐라도 좀 먹자. "
13,20~25,정진영,"한 그릇 더 먹어. 그거 갖고 되겠냐? 흠. 아주머니, 여기 좀 더 주세요. "
13,20~25,정진영,왜? 좀 더 먹지 않고... 돈은 걱정 마. 나한테 좀 있어. 
13,25~30,정진영,"우린 괜찮아. 어서 가봐, 두한아. 저녁에 보자."
13,30~35,정진영,걱정 마. 그럴 녀석들은 아니야... 아 그리고 쌍칼 오야붕과 얘기가 이미 다 끝난 거잖아.*
13,30~35,정진영,으유...!
13,30~35,정진영,잊어버려. 거기 우리가 사는 세상 아니야. 
13,30~35,정진영,으이그... 칫...*
13,30~35,정진영,"우리 두한이하고 같이 갔는데, 저 쪽으로."
13,40~45,정진영,"최기자님도 그렇게 말을 하셨다면, 만주는 정말 당분간 어렵겠다. "
13,40~45,정진영,그럼 우리랑 함께 살면서 살길을 찾아 봐. 
14,0~5,정진영,음... 종로통에서 잔 모양이야. 그래도 밖에서는 잘 안 자는데... 
14,25~30,정진영,"흐흐, 들어와. 흐흐..."
14,25~30,정진영,어때? 지낼만 해? 
14,25~30,정진영,처음이니까 그럴 거야. 차차 적응이 되겠지. 
14,25~30,정진영,으이그...!
14,25~30,정진영,"언젠 거지가 제일 좋다 그러더니.. 야 개코, 넌 안돼. 넌 가봤자 똘마니 노릇만 하게 될 거야."
14,25~30,정진영,흐흐... 
14,25~30,정진영,"두한인 두한이고 넌 너야, 인마."
14,30~35,정진영,흐흐흐...*
14,30~35,정진영,"야야, 야 앉아 인마, 야. 야. 에으씨, 참... 흐흐...*"
14,30~35,정진영,"아이, 그런데 두한아. "
14,30~35,정진영,삼청동에는 뭐라고 말씀드릴 거야? 그 분들은 니가 만주에 가 있을 줄만 아시잖아... 
14,30~35,정진영,나도 그렇게 생각한다. 어찌됐던 니가 종로 거리에 건달이 되었다는 것은 어른들이 바라는 일이 아니야. 안 그러냐? 
15,40~45,정진영,"어, 천천히 먹을게."
15,40~45,정진영,"야, 야. 흐흐흐.. 아, 참 두한아 너 소식 들었냐?"
15,40~45,정진영,오다가 들었는데 손기정 선수가 올림픽에서 일등을 했대. 그것 때문에 온 나라가 떠들썩 해.
15,40~45,정진영,하하. 전 세계의 모든 나라가 모여 운동시합을 하는 거야. 손기정 선수는 그 중에서도 가장 마지막 경기인 마라손에서 우승을 한 거야.
15,40~45,정진영,"하하하, 야, 야."
15,40~45,정진영,오래뛰는 달리기 시합인데 아마 여기 종로에서 시구문까지 두어번은 왔다갔다 하는 거리쯤 될 거야.
15,40~45,정진영,"그래, 이건 보통 일이 아니야. 조선사람의 위대함을 만천하에 보여준 쾌거라고!"
15,40~45,정진영,물론이지...
15,40~45,정진영,야 개코! 씁...!
15,45~50,정진영,"두한아, 너 최동열 아저씨한테 한 번 가보는 건 어때?"
15,45~50,정진영,아 이렇게 모른체하고 지낼 거야?
15,45~50,정진영,"하하하, 야 그만해 그만해...*"
15,45~50,정진영,야 되긴 뭐가 돼 인마...
15,45~50,정진영,"두한아, 이제 그만 가 봐."
15,45~50,정진영,그래.
16,30~35,정진영,지금 뭣들하는거야!*
16,30~35,정진영,"그래서, 남대문에까지 애들을 내보냈단 거야? 야 너 정말 왜그래?"
16,30~35,정진영,그래도 그렇지! 애들 닥달하면서까지 그러면 옛날 그 못된왕초랑 다를 게 뭐가있어?
16,30~35,정진영,그리고 남의 구역을 넘보는것이 잘못이라는 것 쯤은 너도 알잖아.
16,30~35,정진영,어쨌거나! 염천교애들이 접수한 이상 넘보질 말았어야지! 다신 이런 짓 벌이지마. 다음엔 내가 용서안해!
16,30~35,정진영,알았어? 왜 대답안해?
16,30~35,정진영,거지는 욕심을 부리면 안돼... 거지면 거지답게 살라구!
16,55~60,정진영,"아, 예 예 어머니."
16,55~60,정진영,먼저 주무세요 어머니.
16,55~60,정진영,두한이는 이제 종로에서 살아요.
16,55~60,정진영,그냥... 이런 저런 일을 하는가봐요. 주무세요 그만...
16,55~60,정진영,"어, 왜 그래?"
16,55~60,정진영,뭐라고? 두한이가 모시는 쌍칼형이 구마적에게 도전을 해?
16,55~60,정진영,그래..?
16,55~60,정진영,내일 정오...? 
18,50~55,정진영,고생했다 두한아. 오늘 아침에야 니가 이렇게 된 줄 알았어.
18,55~60,정진영,조용히 해... 쉿...*
19,20~25,정진영,안녕하세요.*
19,20~25,정진영,아냐 두한아. 잘 있는 거 봤으니까 됐어. 우리도 일하러 가야지.*
19,25~30,정진영,아무거나. 니가 알아서 시켜 줘.*
19,25~30,정진영,야야야! 쓰읍...*
19,25~30,정진영,"그만해라 개코, 그런 얘기 하려고 온 게 아니잖아?*"
19,25~30,정진영,"그럴 거야. 잘은 모르지만, 아무나 하는 자리가 아닐 거야.*"
19,25~30,정진영,"근데, 정말 아무 일 없는 거야? 구마적의 부하들을 때려서 경찰서에 간 거라면서? 구마적이 가만있을까?*"
19,25~30,정진영,"정진영입니다. 예, 잘 부탁드리겠습니다.*"
19,30~35,정진영,두한아! 그럼 우린 이쪽으로 가볼게.*
19,30~35,정진영,"가자, 개코 어... 아 참! 두한아!*"
19,30~35,정진영,너한테 물어본다는 걸 깜빡했다. 너 혹시 최기자님 소식 좀 아니?
19,30~35,정진영,아니. 무슨 일이 있는가 해서. 요즘 최기자님이 다니시는 신문사의 신문이 며칠째 나오지 않았거든.
19,30~35,정진영,"하긴 뭐, 예전에도 그런 일이 종종 있었어. 별일 아닐 거야. 그럼 간다!"
20,5~10,정진영,"야, 분명 두한이 맞지? 잘못 본 건 아니지?*"
20,5~10,정진영,"야, 개코!"
20,5~10,정진영,그럼 넌 여기 있어. 우리 갔다 올게.*
20,5~10,정진영,"아 야, 두한이, 두한이 어떻게 됐어?*"
20,5~10,정진영,"야, 두한인 지금 어디 있냐? 아직도 명월관에 있는 거야?*"
20,5~10,정진영,"하, 어쨌든 다행이다. 많이 걱정했는데..."
20,5~10,정진영,돌아가자. 무사한 걸 알았으니 안심이다.*
20,5~10,정진영,됐어. 우리가 끼어들 일이 아니야. 가자!
20,5~10,정진영,그만 가자니까!
20,5~10,정진영,으씨... 가자!
20,25~30,정진영,너희들 뭐 하는 거야?*
20,25~30,정진영,뭐 하는 거냐니까?*
21,15~20,정진영,예 어머님.*
21,15~20,정진영,"괜찮아요, 어머니. 시험이 얼마 남지 않았거든요. 이번에 꼭 고시에 붙어서 어머닐 기쁘게 해드리고 싶어요.*"
21,15~20,정진영,꼭 합격할 거예요. 그리고 변호사가 돼서 가난하고 어려운 사람들을 도울 거예요. 두고 보세요 어머니.*
21,15~20,정진영,"어머니, 제가 꼭 행복하게 해드릴게요.*"
21,15~20,정진영,뭐 하는 거야!*
21,15~20,정진영,지금 뭣들 하는 거야? 그러다 애들 감기라도 들면 어쩌려고 그래?*
21,15~20,정진영,됐어! 다들 들어와!*
22,5~10,정진영,"저기 어르신들, 안녕하세요?*"
22,5~10,정진영,그 지나다가 듣자 하니 두한이 얘기를 하시는 것 같은데 저 두한이에게 무슨 일이 생긴 겁니까?
22,5~10,정진영,"예, 안녕하세요, 안녕하세요.*"
22,5~10,정진영,복수 라뇨?
22,5~10,정진영,"아이, 그럴 리가요! 두한이가 당할 리가 있나요? 두한이가...*"
22,5~10,정진영,다른 사람도 아니고 두한이가! 아 두한이가 그렇게 될 리가 있나! 큰일이다.*
22,15~20,정진영,글쎄? 도무지 짐작이 가는 곳이 있어야지. 있을 만한 곳은 다 가봤잖아.
22,15~20,정진영,두한인 돌아올 거야. 그렇게 물러설 녀석이 아니야.
22,15~20,정진영,"아유, 최기자 아저씨 아니세요?*"
22,15~20,정진영,그런데 어떻게 여기까지 오셨어요? 혹시 두한이를 찾으러 온 거 아니세요?
22,15~20,정진영,저희도 두한이를 어떻게 찾을까 궁리하고 있었어요.
22,15~20,정진영,네 그렇게 할게요. 꼭 연락드릴게요.
22,15~20,정진영,살펴 가세요!
22,15~20,정진영,"하, 시간이 좀 걸릴 거야. 몸이 낫는다 해도 섣불리 돌아오진 못할거야.* 구마적패들이 두한일 찾기 위해 날뛰고 있질 않니."
22,15~20,정진영,"두한이가 돌아온다면, 돌아온다면 그건 구마적과 다시 싸우기 위해서 일 거야."
22,15~20,정진영,"나는, 나는 두한이를 알아."
22,55~60,정진영,무슨 일이십니까? 제가 정진영입니다만...
22,55~60,정진영,설향아씨라뇨?
22,55~60,정진영,두한이 일로요?
22,55~60,정진영,두한이가 어딨는지 알고 계십니까?*
22,55~60,정진영,"후, 구마적에게 보내는 도전장입니다.*"
22,55~60,정진영,"그리고 여기, 우리에게 당부하는 글이 있군요.*"
22,55~60,정진영,전 그저 심부름을 왔을 뿐입니다. 어디에 있는진 저도 모릅니다.
22,55~60,정진영,경성안 암자 어딘가에 있었다는 건 알고 있습니다.
22,60~65,정진영,그러실 필요 없을 거 같은데요?
22,60~65,정진영,두한인 오늘 종로로 온다고 했습니다. 아마 지금쯤 도착했을 겁니다.
23,15~20,정진영,우린 두한이 친구야. 두한이한테 볼일이 있다고.* 
23,15~20,정진영,"쓰읍, 야...! 무사히 돌아와서 다행이야. 몸은 괜찮니? 쓰읍!*"
23,15~20,정진영,"고맙기는, 별로 한 것도 없는데...*"
23,15~20,정진영,맞습니다. 아 저희들보다는 형님하고 설향 아씨가 고생이 많으셨죠.*
23,15~20,정진영,왜 그래? 어디가 안 좋은 거야?*
23,20~25,정진영,"그렇게 해, 두한아..."
23,25~30,정진영,두한인 잘 할 겁니다. 전 그렇게 믿습니다. 
23,25~30,정진영,"미안하다, 두한아..."
23,40~45,정진영,잠이 오지 않는 모양이구나?* 으음! 두한이 너도 그럴 때가 있구나. 어으!
23,40~45,정진영,"음... 어어, 그 시계 기억난다. 아버지께서 주신 거라고 했었지? 흠, 옛날에 넌 그 시계를 빼앗기지 않으려고 왕초의 그 모진 뭇매를 견뎌냈었지... 흐! 나라면 아마 그냥 내주고 말았을 거야."
23,40~45,정진영,"그리고 넌 그 못된 거지 왕초를 쓰러뜨렸지. 그래, 그랬었어. 난 바로 어제 일처럼 기억이 생생해.*"
23,40~45,정진영,그때부터 넌 나의 우상이었어. 두려워서 차마 한 번도 대들어보지 못한 무지막지한 상대를 끝까지 물고 늘어지는 너의 모습에 나도 용기를 얻었었거든.*
23,40~45,정진영,"하, 니가 아니었으면 난 지금까지 버티지도 못했을 거야. 왕초한테 맞아 죽었거나... 흐, 아님... 굶어 죽었을 거야...*"
23,40~45,정진영,"두한아, 넌 할 수 있어. 아무도 널 이기지 못 해. 청산리에서 일본 놈들을 물리친 장군님의 뜨거운 피가 니 몸에도 흐르고 있어. 그걸 잊어선 안 돼. 절대로 잊어선 안 돼, 두한아...*"
26,10~15,정진영,"아, 아직 안 주무셨어요?"
26,10~15,정진영,저녁을 든든히 먹어둬서 괜찮아요. 그리고 배가 부르면 머리가 맑지 않거든요.
26,10~15,정진영,"네, 어머니."
26,10~15,정진영,아니에요. 잠시 쉬려던 참이었어요.
26,10~15,정진영,"예, 어머니."
26,10~15,정진영,"예. 물론 시험에 합격하는 게 우선이겠지만, 판검사가 된다면 어쩔 수 없이 원하지 않더라도 일본에 협력하게 될 거예요. 그래서 어려운 사람들을 도울 수 있는 변호사를 생각하게 됐어요.*"
26,10~15,정진영,어머니?*
27,5~10,정진영,어... 개코구나?
27,10~15,정진영,아니야...
27,10~15,정진영,"히 자식, 눈치 하난 여전하구나."
27,10~15,정진영,"내가 떨어진 게 이상하냐? 너희들 눈엔 내가 대단한 것처럼 보였겠지만, 사실은 그렇지가 않아. 그동안 우물 안 개구리처럼 우쭐댔던 것뿐이야...*"
27,10~15,정진영,"자식, 니가 내 대신 울어주는구나? 바보 같은 놈... 넌 지낼만해? 소원 성취한 기분이 어때?*"
27,10~15,정진영,다행이야! 두한이 밑으로 간거 많이 걱정했었는데...*
27,10~15,정진영,너희들처럼 사는 것도 나쁠 것 같진 않다. 두한이라면 주먹패라도 뭔가 다를 테니까...*
27,10~15,정진영,"아, 아니야. 그냥 그렇다는 거야. 야 개코, 우리 어디 가서 술이나 한잔하자...*"
27,10~15,정진영,나도 술 마시고 취해보고 싶어... 술 마시면 모든 걸 다 잊을 수 있다며?*
27,50~55,정진영,"바쁠 텐데, 여긴 왜 왔어?*"
27,50~55,정진영,틀렸어... 내 실력으론 안 될 거 같아.*
27,50~55,정진영,두한아... 나도 너하고 함께 일하면 어떨까?*
27,50~55,정진영,내가 가서 할 일이 있을지 모르겠지만 말이야.*
27,50~55,정진영,"틀렸다고 했잖아? 공부로 먹고 살수 없다면, 일자리를 구해야지. 니가 쌍칼 형님한테 그랬던 것처럼 말이야.*"
27,50~55,정진영,많이 생각했어. 충분히 생각하고 내린 결정이야.*
27,50~55,정진영,하...*
27,50~55,정진영,이게 뭐야?*
27,50~55,정진영,"아니야, 됐어...*"
27,50~55,정진영,괜찮다니까. 우리 엄마 약 값은 내가 벌어서도 할 수 있어.*
27,55~60,정진영,"그래, 고맙다. 내가 나중에 꼭 갚을게.*"
27,55~60,정진영,아 형님? 오셨으면 들어오시지 않구요?
27,55~60,정진영,예...
27,55~60,정진영,"두한아... 두, 두 두한아...*"
27,55~60,정진영,"나... 주, 죽지... 안, 않는 거지?*"
27,55~60,정진영,"졸립다... 자, 자고 싶어... 으, 으억!*"
28,0~5,정진영,"두한아... 두, 두 두한아...*"
28,0~5,정진영,"나... 주, 죽지... 안, 않는 거지?*"
28,0~5,정진영,"졸립다... 자, 자고 싶어... 으, 으억!*"
29,15~20,정진영,니가 무슨 돈이 있다고...
29,15~20,정진영,난 됐어... 아 그나저나 우리 어머님은 어떠신지 모르겠다? 걱정을 많이 하실 텐데...
29,15~20,정진영,"고맙다, 개코...*"
29,15~20,정진영,"어, 두, 두한아... 악!"
29,15~20,정진영,괜찮아... 많이 좋아졌어. 의사 선생님 말씀이 조금씩 움직이는 게 오히려 더 좋대.
29,15~20,정진영,내가 뭘...*
29,15~20,정진영,지난번에 얘기한 거 있잖아... 날 우미관패로 받아 줘.
29,15~20,정진영,"많이 생각하고 내린 결정이야. 허락해 줘, 두한아."
29,15~20,정진영,물론이지...
29,15~20,정진영,그럴 일은 없을 거야...
29,15~20,정진영,"고맙다, 두한아..."
30,0~5,정진영,"하으, 아닙니다..."
30,0~5,정진영,앞으로 많이 가르쳐 주십쇼...
30,5~10,정진영,그건 안돼!
30,5~10,정진영,"내가 이야기해도 될까, 두한아?"
30,5~10,정진영,아편은 인민의 정신을 병들게 한다고 했습니다. 중국이 몰락하게 된 것도 다 서양에서 들여온 이 아편 때문입니다. 이건 저들에게 돌려줘서도 안되고 우리들이 가지고 있어도 안 된다고 생각합니다.
30,5~10,정진영,그래. 아 그럼 들어가겠습니다. 내일 뵙겠습니다...
30,5~10,정진영,"어, 그럼...*"
30,10~15,정진영,"예, 어머니... 그동안 걱정 많으셨죠? 죄송해요, 어머니..."
30,10~15,정진영,저... 어머니... 저 실은 공부를 잠시 접을까 해요...*
30,10~15,정진영,두한이와 함께 일하겠다고 약속을 했어요. 앞으론 돈을 벌어서 어머니를 좀 더 편히 모시고 싶어요.*
30,10~15,정진영,"최선을 다했지만 무모한 도전이었어요. 허락해 주세요, 어머니... 두한이도 처음엔 말렸지만 나중엔 제 뜻을 알고 순순히 허락했어요. 어머니, 두한이 믿으시죠?*"
30,10~15,정진영,"허락해 주세요, 어머니!*"
30,10~15,정진영,"아니에요, 어머니... 일본이 물러가고 좋은 세상이 오면 그때 공부를 할게요. 약속드릴게요, 어머니...*"
30,10~15,정진영,"고맙습니다, 어머니...*"
31,10~15,정진영,저도 그렇게 생각합니다. 이전에 두한이가 상대했던 구마적이나 신마적형님과는 전혀 다른 사람이었습니다.
31,10~15,정진영,영태형님 말씀대로 그래서 더 두려운 사람인것 같습니다.
31,25~30,정진영,두한이가 결혼을요?
31,25~30,정진영,상대는요? 아 저... 혹시 설향이라고 하는...?
31,25~30,정진영,헛.. 글쎄요..? 아 너무나 갑작스러운 일이라서...
31,25~30,정진영,예.
31,25~30,정진영,예. 알겠습니다.
31,50~55,정진영,아직은 잘 몰라. 어떻게 될지 모르는 일이니까 일단 준비를 해두자는 거야.
32,5~10,정진영,"잘한 거야, 두한아. 무조건 힘으로 제압하려 드는 건 하수들이나 하는 짓이야. 너 정도라면 아량을 베풀 줄도 알아야 돼."
32,5~10,정진영,"아니, 이게 뭐야?"
32,5~10,정진영,"아니 이거, 집문서 아니야?"
32,5~10,정진영,두한아?
32,5~10,정진영,"아니야, 두한아. 이건 받을 수 없어. 번번이 너한테 신세 질 수는 없어. 됐어, 두한아."
32,5~10,정진영,두한아...
32,15~20,정진영,맞습니다. 두한이가 사쿠라 문을 다시 열게 해줬다고 해서 가만히 있을 저들이 아닐 텐데요.
32,15~20,정진영,뭔가 있긴 한데 그게 뭔지 모르니까 그러지. 예감이 별로 좋지 않아.
32,15~20,정진영,누굽니까? 아시는 분이세요?*
32,15~20,정진영,아 예...
32,40~45,정진영,두한아.
32,40~45,정진영,무슨 생각이 그렇게 많아?
32,40~45,정진영,영태형님한테 이야기 들었다. 너하고 박인애씨 이야기 말이야. 정말 결혼을 생각하고 있는 거야?
32,40~45,정진영,"너, 정말 그 여자를 좋아하는 모양이구나?"
32,40~45,정진영,그랬구나. 삼청동 어른들께도 말씀드려야지?
32,45~50,정진영,"내가 받을게.* 예, 우미관입니다. 예, 있습니다. 저 누구시라고 전해드릴까요? 아 예! 아, 잠시만 기다리십시오. 두한아, 박인애씨 오라버니라는데?"
32,50~55,정진영,네...
32,50~55,정진영,죄송합니다. 두한이가 워낙 급히 뛰쳐나가는 바람에...
33,0~5,정진영,그래도 지금까지 아무런 연락이 없다는 건 이상한 일이야. 쓰... 우리가 기다리고 있다는 걸 모르고 있을 두한이가 아닌데...
33,10~15,정진영,자세히 말씀해보세요.* 두한인 어제 댁의 전화를 받고 나갔어요. 박인애씨가 집을 나갔다고 해서 두한이가 찾으러 나간 겁니다. 그렇지 않습니까? 
33,10~15,정진영,아 그런데 납치라니요? 아 뭐가 잘못되고 한참 잘못된 것 아닙니까? 
33,10~15,정진영,"아 예, 그러시죠."
33,15~20,정진영,하지만 방금 전까지만 해도 면회가 된 걸로 알고 있는데요.
33,20~25,정진영,악재가 여러가지로 겹쳤습니다. 거주지 이탈죄까지 걸렸으니 말입니다. 그 사안은 고등계 관할 일이거든요.*
33,20~25,정진영,두한이는 경성으로 거주가 제한돼 있었거든요.
33,20~25,정진영,"저도 잘 모르지만, 그럴 사연이 좀 있습니다. 미와라는 고등계 형사가 그렇게 했다는 것 밖에는... "
33,20~25,정진영,알고 계셨습니까?
33,20~25,정진영,그러셨군요... 예 맞습니다. 그것 때문에 두한이는 어렸을 적부터 여러차례 고등계에 끌려가 곤욕을 치뤘습니다.*
33,20~25,정진영,예전에 만주로 가려고 했을 때 털보를 통해서 밀선을 타려고 했던 것도 그 이유 때문이었구요.*
33,20~25,정진영,하... 어떻게든 두한이를 빼내야 할텐데요...
33,20~25,정진영,저도 가볼데가 있습니다.
33,20~25,정진영,저... 말씀중에 죄송합니다만...*
33,20~25,정진영,안녕하세요.*
33,20~25,정진영,"잡지사에 찾아갔더니, 이곳에 계실거라 일러주더군요. 저... 잠시 드릴 말씀이 있습니다.*"
33,20~25,정진영,저... 두한이가... 두한이가 어젯밤에 경찰서에 잡쳐갔습니다.*
33,20~25,정진영,"아이, 좀 그게...*"
33,35~40,정진영,"들어보십쇼, 형님."
34,0~5,정진영,영철이 형님도 어쩔 수 없어서 그랬을 겁니다. 번개 이야기를 들어보니까 그 마루오까란 순사가 의도적으로 그런 것 같습니다. 
34,5~10,정진영,저... 영철이 형님은 어떻게 됐습니까? 
34,5~10,정진영,종로회관으로 술을 마시러 온 것부터 이상합니다. 시비를 건 것도 그 사람이 먼저라고 했구요.
34,35~40,정진영,점점 확실해지고 있습니다. 무슨 이유인진 모르겠지만 마루오까는 우릴 노리고 있는게 분명합니다. 
34,35~40,정진영,하지만 마땅히 대처할 방법이 없습니다. 두한이가 있다면 또 모르겠지만...
34,35~40,정진영,만나서 어쩌시려구요?
34,50~55,정진영,오셨습니까 마루오까 경부님? 저 끝쪽방에다 자리를 마련해 뒀습니다.*
34,50~55,정진영,예.*
34,50~55,정진영,"형님, 마루오까 경부님께서 오셨습니다."
35,10~15,정진영,무슨 일인데 그렇게 호들갑이냐? 여긴 나 혼자 운동하는 곳이 아니야!*
35,10~15,정진영,무슨 일인데 그래?*
35,10~15,정진영,"뭐, 두한이가?*"
35,10~15,정진영,어쨌든 가석방이 돼서 정말 다행이다. 형기를 다 채우고 나왔으면 이렇게 다시 모이지도 못했을 거야.
35,10~15,정진영,아무튼 걱정입니다. 두한이가 생각보다 훨씬 충격이 큰 거 같아요.
35,30~35,정진영,받아 줄 겁니다. 마루오까의 도장은 누구에게나 문이 열려 있다고 들었습니다.
35,30~35,정진영,그래 두한아. 돌다리도 두들겨보고 건너라는 말이 있어. 이번만큼은 영태 형님 말씀을 따르는 것이 좋을 것 같다.
36,15~20,정진영,"너, 많이 힘든 모양이구나?"
36,15~20,정진영,그래. 못 마시는 술이지만 함께 마셔줄게...
36,15~20,정진영,"잊어버려, 두한아... 지난 일을 되돌이킬수 없는 거잖아? 니가 이러는 거, 그 여자 때문이라는 거 알아. 하지만 두한아..."
36,15~20,정진영,끝내야 해. 니가 사랑하던 그 여자가 선택한 일이야. 그리고 그 여자는 이미 다른 남자의 여자가 되었어. 너에겐 아직 할 일이 많아. 이런 일로 흔들려선 안돼.
36,15~20,정진영,"니 잘못이 아니야, 두한아. 이 시대가 잘못되어서 그런 거야. 이렇게 흔들리는 건 니 모습이 아니야."
36,15~20,정진영,우미관 광장에서 모여 마루오까와 싸우는 너를 응원한 수많은 사람들을 생각해봐. 그 사람들이 널 지켜보고 있어!
36,25~30,정진영,두한이가 아직 마음의 정리가 안된 모양입니다. 그냥 모른 척 내버려 두십시요.
36,25~30,정진영,잘 보셨습니다.
36,25~30,정진영,종로 이정목의 시장통이 제일 문젭니다. 하야시패가 사들인 상점들은 어떻게 해결하실 생각이십니까?
36,25~30,정진영,그래도 그냥 묵과할 문제는 아니라고 생각합니다. 이건 명백한 나와바리 침범입니다.
36,25~30,정진영,걱정 마십시요. 어떻게든 마음의 짐을 덜어내야 해결될 문제가 아니겠습니까?
36,55~60,정진영,큰일입니다. 두한인 지금 가석방 상태인데요. 게다가 일본 사람들을 때렸다니...
37,5~10,정진영,글쎄...
37,5~10,정진영,좀 더 기다려보자... 어?
37,5~10,정진영,두한인 만나보셨습니까? 
37,5~10,정진영,하... 난감하게 됐군요. 
37,15~20,정진영,"정말인가 본데요, 영태형님. "
37,20~25,정진영,"두한아, 어떻게 된 거냐?*"
37,25~30,정진영,"그 동안 너한테 복잡한 일이 많았잖아. 인애씨 문제나 마루오까 경부와의 결투도 그랬고, 당장 손을 쓸 수도 없고 해서 너한테 말하지 않았을 뿐이야. "
37,25~30,정진영,그간 일본 상인들과 조선 상인들의 싸움으로 시장통은 하루도 조용할 날이 없었어.
37,25~30,정진영,속셈이 뭔진 모르겠지만 일본 상인들은 장사는 뒷전이고 매일 사고만 일으켰어. 그 때문에 힘없는 조선 상인들이 뒤로 밀려났고. 
37,25~30,정진영,"그건 안돼, 두한아. 어찌 됐든 그들은 합법적으로 상점들을 사들였어. 그들에게 손을 댔다가 경찰들이 가만있지 않을 거야. "
37,25~30,정진영,"뭐, 응원?!*"
37,25~30,정진영,"저들이 지금 누구와 싸우러 가는건데, 중국에는 우리 조선 사람들의 군대도 있어. 독립군 말이야.*"
37,25~30,정진영,한심한 짓 그만 하고 할 일 없으면 들어가서 잠이나 자.*
37,30~35,정진영,계약서가 너무 완벽합니다. 일단 본인이 도장을 찍은 이상...
37,30~35,정진영,방법은 생각해 둔 게 있어?*
37,40~45,정진영,(Jap) 우리는 종로의 우미관에서 왔다. 하야시 오야붕께 우리 김두한 오야붕의 말씀을 전하려고 온 것이다. 
37,40~45,정진영,(Jap) 그렇다. 
37,40~45,정진영,기다리라고 합니다.
37,45~50,정진영,저희 큰형님의 전갈을 가지고 왔습니다. 
37,45~50,정진영,저희 김두한 큰형님께서 이른 시일내에 하야시 오야붕을 만나고 싶다고 하셨습니다. 
37,45~50,정진영,그렇습니다. 가능한 한 빠른 시일 내로 약속을 잡으셨으면 하는 것이 저희 형님의 뜻이십니다. 
37,45~50,정진영,시간을 내주실 수 있겠습니까? 
37,45~50,정진영,장소는 어디든 상관이 없다고 하셨습니다. 하지만 말씀드렸다시피 일시는 빠르면 빠를수록 좋습니다. 
37,45~50,정진영,네.
37,45~50,정진영,"예, 약속을 잡았습니다. 내일 저녁 여섯시, 사쿠라에서 만나기로 했어. 괜찮겠지? "
38,5~10,정진영,"영태 형님, 어제 일로 혼마찌와의 협상은 사실상 불가능해진 것이 사실입니다. 우리가 쏜 화살은 이미 시위를 떠났습니다.*"
38,5~10,정진영,"두한아, 아 설마 혼마찌로 쳐들어 가겠다는건 아니겠지?*"
38,10~15,정진영,어... 천천히 마실게.*
38,25~30,정진영,수표교에 갔어. 왕눈이 만나려고.
38,40~45,정진영,하야시 명의로 보낸 결투장이야.*
38,40~45,정진영,"내일 새벽 여섯시, 장충단 공원이야. "
38,40~45,정진영,사십대 사십이야.
38,50~55,정진영,"더 들을 것도 없습니다. 가시죠, 큰형님.*"
38,55~60,정진영,아무래도 이상해... 이야기하는 분위기가 정말 이상했어. 정말 그런 이야기 하려고 두한이 부른 걸까?*
38,55~60,정진영,이건 말도 안돼. 결투가 바로 내일인데... 이제 몇 시간도 남지 않았는데...
39,0~5,정진영,마루오까 경부님을 만나러 왔습니다. 이 사람은 그 분의 의형제가 되는 사람입니다. 
39,0~5,정진영,내일 오후라고 하셨습니까? 
39,0~5,정진영,"더 빨리는 안되겠습니까? 어렵겠지만, 오늘 밤 안으로 풀려 나오게 해주실 수는 없겠습니까? "
39,0~5,정진영,"부탁드리겠습니다, 마루오까 경부님. "
39,0~5,정진영,다급한 사정이 있어서 그렇습니다. 기왕 봐주시는 김에 확실히 봐주십시오. 
39,0~5,정진영,경부님!
39,0~5,정진영,아무래도 우리가 당한 것 같습니다.
39,0~5,정진영,우연이라고 하기엔 이 모든 상황들이 너무나도 절묘하지 않습니까? 하야시의 계략에 말려든 겁니다. 
39,0~5,정진영,그렇습니다. 우리의 힘을 약화시켜놓고 결투를 벌이겠다는 계산인 것 같습니다. 
39,5~10,정진영,아닙니다. 가미소리라는 자가 아무런 이유도 없이 우리를 불러낸 것도 석연치가 않습니다. 
39,5~10,정진영,형식적이었어. 저들은 전혀 협상할 자세가 아니었다고. 
39,10~15,정진영,그러기엔 시간이 너무 촉박해요. 더구나 이건 종로와 혼마찌의 싸움입니다. 다른 패거리들을 끌어들이는 것은 좋은 방법이 못됩니다. 
39,10~15,정진영,그리고 그들을 데리고 온다고 해도 문제에요. 니뽄도를 든 야쿠자들 앞에서 강한 정신력으로 무장되어 있지 않다면 그야말로 오합지졸에 불과 할 테니까요.
39,10~15,정진영,무모한 싸움입니다. 결과는 불을 보듯 너무도 뻔해요. 
39,10~15,정진영,"냉정하게 판단해, 두한아... 니 결정에 종로의 운명이 걸려있어."
39,30~35,정진영,두한아!*
39,30~35,정진영,두한아! 두한아 괜찮아?!*
40,40~45,정진영,그냥 재미 있는 이야기만 하는 게 아니라 은근히 시국을 비꼬기도 하는가봐. 그래서 사람들에게 더 인기가 있는 것 같아.
40,40~45,정진영,그런가 본데요.
40,50~55,정진영,참아 두한아... 헌병한테 잘못 걸리면 끝장이야. 이제 다 끝났어.*
40,55~60,정진영,프로레타리아 말이야. 내가 언젠가 이야기 한 적이 있었잖아?*
40,55~60,정진영,오늘 좋은 말씀 많이 들었습니다. 솔직히 만담을 하시는 분이 이토록 사회주의 사상에 정통하실 줄 몰랐습니다.*
41,5~10,정진영,"더 볼 게 없을 것 같은데, 두한아?*"
41,25~30,정진영,"응, 안부도 전해달라고 하셨구, 너한테 소개시켜 줄 사람이 있다고 하시더라. 혹시 황병관이란 이름 들어본 적 있니?"
41,25~30,정진영,유명한 레슬링 선수야. 얼마 전에 동양 챔피온이 됐다고 신문에 크게 난 적이 있었어. 작두 형님이 소개시켜 준다고 한 사람이 바로 그 사람이야.
41,25~30,정진영,"아, 그리고 지난번에 찾아왔던 그 일가 분들이 또 다녀오셨어."
41,25~30,정진영,아니 왜...? 일가분들이 아니었니?
41,30~35,정진영,그런 거 같진 않았어요. 제가 보기엔 한번 떠보려고 온 거 같습니다.
41,30~35,정진영,나한테 할 얘기가 있다고?*
41,30~35,정진영,신문?
41,30~35,정진영,그랬구나. 아이 그러지 말고 너도 글을 배워보는 게 어때?
41,30~35,정진영,조금만 노력하면 돼. 니 머리라면 금방 익힐 수 있을 거야.
41,30~35,정진영,"하, 이 알았어. 아... 어디 보자..."
41,30~35,정진영,"어, 오늘 신문이 안 보여서...*"
41,30~35,정진영,이상하네. 영태 형님이 가져고 나가셨나? 어느 면부터 읽어줄까?*
41,30~35,정진영,어... 어 총독부는 금일을 기해 국민징용령을 실시한다고 밝혔다...
41,35~40,정진영,특히 노동자에 대해서는 노무수급조정령과 중요 사업장 노무 관리령에 의한 직접 시책을 시행한다. 그리고...
41,35~40,정진영,"아니, 무슨 전화야?"
41,55~60,정진영,두한아! 두한아...
41,55~60,정진영,두한아...!*
42,0~5,정진영,"어윽, 아!*"
42,0~5,정진영,"어, 괜찮아.*"
42,0~5,정진영,"어...! 이제, 이제 얼마나 남았니?*"
42,0~5,정진영,"오히려 내가 너한테 짐만 되는구나... 미안하다, 두한아...*"
42,0~5,정진영,"너무 걱정하지 마, 두한아. 영태 형님께서 알아서 잘 하실 거야.*"
42,15~20,정진영,"배려해 주셔서 감사합니다, 스님."
42,15~20,정진영,그래도 경성 안에 이렇게 숨을 곳이 있어서 다행이다.
42,15~20,정진영,불려가 고생은 좀 하겠지만 별일이야 있겠니? 잘한 거야. 거기 그대로 있었다간 지금쯤 넌 이 세상 사람이 아닐 수도 있어.
42,15~20,정진영,"아, 그리고 두한이 니가 아니었으면 황병관 그 사람은 그 자리에서 목숨을 잃고 말았을 거야. 두한아, 이런 일 한두 번 겪는 거 아니잖아. 다 잘 될 거야. 일단은 아무 생각 말고 쉬어."
42,20~25,정진영,너무 속 태우지 마. 곧 소식이 올 거야. 조금만 더 기다려보자.
42,20~25,정진영,속단하기는 아직 일러. 형님께서도 뭔가 생각이 있으실 거야. 곧 연락이 올 거야.
42,20~25,정진영,저기 설향씨 아냐?*
42,20~25,정진영,여기서 이럴 게 아니라 안으로 들어가시죠. 두한아? 들어가시죠...*
42,20~25,정진영,"내 생각도 그래, 두한아. 니가 어떻게 생각할지 몰라 말은 안하고 있었지만 지금으로서는 그 방법밖에 없는 것 같다."
42,20~25,정진영,"두한아, 아 좀 더 냉정하게 생각해야 돼. 어차피 헌병대에 붙들려 가면 종로도 끝이야...! 영태 형님 말씀대로 하자, 두한아."
42,20~25,정진영,아 무슨 소리야?
42,25~30,정진영,그건 안돼. 지금 종로가 어떤 상황인지도 모르잖아.
42,25~30,정진영,그럴 수 밖에 없는 상황이잖아? 설향씨를 보내신 걸 보면 영태형님도 사정이 여의치 않다는 거야. 종로로 간다 해도 만난다는 보장이 없는 거라고.
42,25~30,정진영,"안 돼, 그건 절대 안 돼. 두한이 넌 얼굴이 너무 알려져서 위험해. 정 그렇다면 차라리 내가 다녀올게."
42,25~30,정진영,난 괜찮아. 붙잡히더라도 조금만 고생하면 금방 나올 수 있어. 하지만 넌 경우가 달라.
42,25~30,정진영,"내가 다녀올게. 나간 김에 최동열 아저씨도 한 번 만나봐야 되겠다. 중국으로 빠져나가는 것도 너한테는 쉬운 일이 아니잖아? 두한아, 내게 맡겨. 내가 다녀올게."
42,30~35,정진영,잘 들 있었냐?
42,30~35,정진영,나야. 진영이.
42,30~35,정진영,"조용히! 일단, 일단 안으로 들어가자. 어서!"
42,30~35,정진영,그게 무슨 소리야? 누가 붙잡혀 갔었어?
42,30~35,정진영,아 뭐? 아니 그럼 영태 형님도 체포되셨단 말이야?
42,30~35,정진영,허어…
42,35~40,정진영,무사히 잘 있어…
42,35~40,정진영,그건 알 거 없고. 너희들이 나를 좀 도와줘야 되겠다.
42,35~40,정진영,"그래, 일단 그래 깍두기 너가 좋겠다. 옷 좀 벗어봐라."
42,35~40,정진영,걱정 마. 내 옷 벗어 줄 테니까.
42,40~45,정진영,동냥을 나왔는뎁쇼. 헤헤...*
42,40~45,정진영,"아하! 아휴, 죄송합니다... 하하..."
42,40~45,정진영,예. 얘들아 가자.**
42,40~45,정진영,"저, 아저씨. 접니다! 정진영입니다."
42,40~45,정진영,"아 저, 경계가 하도 삼엄해서 부득이 이런 복장으로 올 수 밖에 없었습니다."
42,40~45,정진영,전 두한이와 함께 피해 있다가 잠시 종로에 나왔습니다.
42,40~45,정진영,두한인 지금 경성 안에 있는 작은 절에 숨어 있습니다. 너무 걱정하지 마십시오.
42,40~45,정진영,아저씨의 도움이 필요합니다. 상황을 아신다니 두한이 처지는 따로 설명을 드리지 않겠습니다.
42,40~45,정진영,"아 저, 지금으로선 중국으로 피하는 게 최선인 것 같습니다. 어떻게 방법이 없겠습니까?"
42,40~45,정진영,아 사실 걱정입니다. 두한인 지금 우리 동무들이 헌병대에 붙잡혀 있는 걸 모르고 있습니다.
42,40~45,정진영,하...
42,40~45,정진영,"예, 아저씨..."
42,45~50,정진영,"전, 혹시나 연락을 못 받으신 줄 알았습니다.*"
42,45~50,정진영,"저, 그렇게 됐습니다. 아 지금 최동열 기자님께 통행증을 부탁드리고 오는 길입니다. 늦어도 모레까지는 나올 것 같은데, 설향씨가 그것을 좀 받아 주십사해서 말입니다.*"
42,45~50,정진영,"저기, 약도는 여기 있습니다.*"
42,45~50,정진영,예. 그럼 부탁드리겠습니다.*
42,45~50,정진영,말씀하십쇼.*
42,45~50,정진영,무슨 말인지 알겠습니다. 저도 그렇게 할 생각이었습니다. 그럼 일어나시죠.*
42,45~50,정진영,기다리고 있었구나.
42,45~50,정진영,최동열 아저씨한테 통행증을 부탁해 놓았어. 아마 수일 내로 마련해 주실 거야.
42,45~50,정진영,두한아. 지금 종로뿐 아니라 경성 전체가 난리야. 헌병대는 말할 거 없고 경찰들까지 동원해서 널 찾고 있어.
42,45~50,정진영,"모두, 무사해..."
42,45~50,정진영,"아 저, 그게..."
42,45~50,정진영,정말이야.
42,45~50,정진영,두한아...
42,45~50,정진영,두한아... 이제부터 독해지지 않으면 살아남을 수 없어. 당분간 종로는 머릿속에서 지워버려. 잊어버리라고!
42,45~50,정진영,지금은 너 자신만을 생각해야 돼. 우미관 식구 뿐 아니라 종로의 모든 사람들이 두한이 니가 무사하기만 바라고 있어. 그 기댈 져버려선 안 돼.
42,45~50,정진영,두한아...
42,50~55,정진영,두한아!*
42,50~55,정진영,"두한아! 두한아, 두한아! 두한아...*"
42,50~55,정진영,"하, 내려가면 안 돼, 두한아. 이건 무모한 짓이야. 그들은 널 죽일 거야!*"
42,50~55,정진영,"하지만, 두한아...*"
42,50~55,정진영,두한아...*
43,10~15,정진영,면목 없습니다 영태 형님... 모두가 제 잘못입니다. 제가 두한이를 지키지 못했습니다...
43,10~15,정진영,우선 종로서 마루오까 경부에게 도움을 요청해 보겠습니다. 그 분이라면 두한이의 규명에 발벗고 나서줄 것입니다. 
43,10~15,정진영,"예, 형님..."
43,10~15,정진영,여깁니다. 마루오까 경부님.*
43,10~15,정진영,어서 오십시오.*
43,10~15,정진영,지금으로선 지푸라기라도 잡고 싶은 심정입니다.*
43,10~15,정진영,"저희들을 도와 주십시오, 마루오까 경부님.*"
43,10~15,정진영,도움을 주시겠다는 것만으로도 그저 감사할 뿐입니다.*
43,20~25,정진영,마루오까 경부의 힘으로는 역부족이었던 거 같습니다...
43,20~25,정진영,마루오까 경부는 하야시를 찾아가 보라고 하더군요.
43,20~25,정진영,썩 내키는 일은 아니지만 지금으로선 그 방법 밖에 없을 거 같습니다. 
43,20~25,정진영,"두한이의 목숨이 달려 있는 일입니다. 그런저런 이유를 따질 때가 아닙니다, 형님... 어떻게든 두한이의 목숨을 살려놓고 봐야 하는 일이 아니겠습니까?"
43,20~25,정진영,하야시는 몰라도 그 사람의 장인인 고노에는 가능할 겁니다. 마루오까 경부도 그렇게 이야기를 하더군요.
43,25~30,정진영,"이, 그럼...? "
43,25~30,정진영,하필이면 이럴 때 일본으로 들어가다니요... 하늘도 우릴 도와주지 않는 모양입니다.*
43,30~35,정진영,종로 유지들의 탄원서도 헌병대에 보냈고... 할 일은 다 해본 거 같습니다.*
43,35~40,정진영,뭐라고 하던가요? 일이 잘 됐답니까...?
43,35~40,정진영,하야시가 나선 이상 두한일 쉽게 죽이진 못할 겁니다. 그 안에 고노에 그 사람이 온다면 아직 희망은 있습니다.
44,5~10,정진영,두한아! 두한아! 두한아...!*
44,10~15,정진영,두한아... 갑자기 어딜 가려구? 그 몸으로는 아직 무리야.
44,40~45,정진영,저 역시 그런 날이 오기만을 고대하고 있습니다.
44,40~45,정진영,정진영입니다.
44,45~50,정진영,여급이라구요...? 
44,45~50,정진영,아 그렇군요? 여급이라고 하시기에 전... 아무튼 만나서 반갑습니다.
44,55~60,정진영,"그래, 두한아... 오늘은 전국에서 모인 오야붕들을 설득하는 것만 생각해. 다들 자존심이 센 사람들이야. 그것도 쉽진 않을 거야."
45,5~10,정진영,이렇게 우리끼리 들어와도 되는 건지 모르겠습니다.* 아까 보니깐 영철이 형님하고 신영균이란 사람하고 왠지 불안해 보이던데요? 혹시 우리가 없는 사이에 무슨 사고라도 생긴다면...
45,10~15,정진영,"겨루어보다니요? 아, 그러다 큰 싸움이라도 나는 날엔..."
45,20~25,정진영,그게 무슨...?*
45,20~25,정진영,그렇군요. 아 그런데 왜?
45,20~25,정진영,그래서요? 
45,20~25,정진영,무슨 말씀인지 알겠습니다. 하지만 두한이가 그렇게 하려고 할지...
45,20~25,정진영,"잘 알았습니다. 아, 제가 두한일 설득해보겠습니다."
45,25~30,정진영,영태 형님 말씀이 맞습니다. 이대로 시간을 허비하다간 모두가 사분오열이 되고 말 것입니다.
45,25~30,정진영,제 생각엔 총독부의 책임자와 담판을 짓는 게 좋을 거 같습니다. 지금으로선 그 방법 밖에 없습니다.
45,25~30,정진영,"얼마 전에 구주탄광이란 곳에서 징용자들이 폭발사고를 일으킨 적이 있었어. 아무런 준비 없이 끌려갔으니, 그런 사고에 무방비로 노출되어 있는 건 너무도 당연했지."
45,25~30,정진영,우리는 그것을 핑계 삼아 부하들을 훈련시킬 시간을 달라고 하는 거야. 그렇게 시간을 벌면서 생각을 해보자는 거지.
45,25~30,정진영,어렵겠지요. 우리가 총독부의 시책에 적극적으로 따르겠다는 자세를 저들에게 보여줘야만 가능한 일입니다.
45,25~30,정진영,"어려운 일이라는 거 알아, 두한아. 하지만 이제 너도 변해야 돼. 이건 살아남기 위한 전쟁이야. 때로는 그들을 속이기도 하고 타협도 필요하다고."
45,25~30,정진영,꼭 해야만 하는 일이야. 니 자존심보다는 수많은 부하들의 생명을 생각해봐.
45,25~30,정진영,하야시 오야붕에게 부탁을 하면 그리 어렵지 않을 거야.
45,50~55,정진영,아 지금쯤이면 무슨 소식이 있어야 할 텐데 말입니다. 아 제가 혼마찌에 연락을 해볼까요?
45,50~55,정진영,한 시간 정도 여유가 있습니다.
46,0~5,정진영,두한아?*
46,0~5,정진영,"아니 그럼, 협상이 깨졌다는 거야?*"
46,10~15,정진영,"하지만 이건, 하야시 오야붕이 어렵게 마련해 준 자리인데..."
46,10~15,정진영,"이건 처음부터 우리에게 불리한 싸움이었어. 두한아, 전 조선 주먹패의 목숨이 니 손에 달려있다고. 지금은 자존심을 내세울 때가 아니야."
46,10~15,정진영,하아...
46,10~15,정진영,미안하다. 내가 너무 흥분했었던 거 같다.*
46,20~25,정진영,하... 이렇게 버티는 것도 이젠 어렵겠습니다.*
46,20~25,정진영,시간이 지날수록 더 많은 불만을 토해낼 겁니다. 점점 더 위태해지는 거 같습니다. 그나마 다행인 건 이천의 장도리 형님과 신영균이 우리의 손을 들어준 겁니다.
46,20~25,정진영,"저, 제 생각입니다만... 하야시 오야붕께 도움을 청해보는 것은 어떻겠습니까?"
46,20~25,정진영,그 사람이 나선다면 뭔가 길이 생길 것도 같습니다만...
46,20~25,정진영,하아...
46,25~30,정진영,"모두들 불안해하고 있어, 두한아. 뭔가 조치를 취하지 않으면 당장이라도 폭발할 지경이야."
46,25~30,정진영,더 엉망이 되기 전에 결단을 내려야만 합니다. 낮에 신불출 선생님을 찾아갔다가 학생들 사이에서 벌어지고 있는 학도병 징집 거부 투쟁에 관한 이야기를 들었어.
46,25~30,정진영,나이 어린 학생들도 일본의 횡포에 당하고만 있지 않겠다는 결의를 했어.
46,25~30,정진영,하지만 영태 형님. 이렇게 앉아서 당하는 것보다는 그 편이 낫지 않겠습니까?
46,25~30,정진영,아 그리고 두한아. 조금 전에 혼마찌에서 전화가 왔었어. 하야시 오야붕이 내일 식사를 같이 했으면 한다는데...
46,30~35,정진영,글쎄... 다른 말은 없었어.
46,40~45,정진영,하야시 오야붕하고 만나서 무슨 이야길 했어?*
46,40~45,정진영,그래? 아니 그건 우리가 원한 대로 해주겠다는 거잖아?*
46,40~45,정진영,"두한아, 니 마음 모르는 거 아니야. 하지만 구걸이라도 해서 목숨을 건져야 하는 지금의 상황에 그건 지나친 욕심이야.*"
46,45~50,정진영,거리의 불량아들이 대일본제국의 성전에 열성적으로 참가한다. 과거 선량한 사람들을 괴롭히던 건달들이 스스로 황국의 충실한 일꾼이 되겠다고 자청하고 나섰다.*
46,50~55,정진영,과거 종로의 건달이었던 김두한을 중심으로 청년단원이 된 주먹패들은 천황폐하에 대한 보은과 감사의 마음으로 성전 일선에서 치열한 전투를 벌이는 황군을... 위해... *
46,50~55,정진영,"두한아, 그건..."
47,0~5,정진영,"두한아, 아 너도 삼청동 어르신들을 찾아뵈어야 하지 않겠어? 요즘들어 식량이 모자라 배급을 못 받는 사람들도 많다고 하던데..."
47,0~5,정진영,징용을 면해준 대가를 받아내려고 하는 거겠지.
47,45~50,정진영,"두한아, 시간이 다 됐는데..."
47,45~50,정진영,종로서 경찰국장실 좀 부탁 드리겠습니다.
47,50~55,정진영,"야, 야, 야, 야 괜찮냐? 괜찮아 응?**"
47,50~55,정진영,걸을 수 있겠어? 어?*
48,0~5,정진영,아 그러게 누가 사고치래? 넌 왜 이렇게 말썽이냐?
48,0~5,정진영,"어이구, 그래도 입은 살아있구나? 야 두한아, 며칠 더 고생하게 내버려 둘 걸 잘못했나봐?"
48,10~15,정진영,"두한아, 나도 좀 나갔다 올게."
48,10~15,정진영,하하... 아이 두한이 니가 최동열 아저씨를 정신적 스승으로 생각하듯이 나한테도 그런 분이 생겼어.
48,10~15,정진영,나중에 알게 될 거야. 나갔다 올게?
48,20~25,정진영,허 아니 뭘 그렇게 골똘히 생각하길래 옆에서 부르는 소리도 못 듣는 거야?
48,35~40,정진영,그렇게 혼이 났는데 그러기야 하겠습니까?*
48,40~45,정진영,"스읍, 수상한데...? 야 개코, 솔직히 말해. 너 또 사고치면 어떻게 되는지 알지?"
49,0~5,정진영,그건 영태 형님 말씀이 맞습니다. 미와가 가만있지 않을 겁니다. 어떻게든 보복을 해 올 겁니다.
49,5~10,정진영,"두한아, 잘 생각해보고 결정해. 삼청동 어른들께서 직접 나서신 일이잖아. "
49,10~15,정진영,"아니, 경찰국장이 너더러 들어오라는 거야? 하..."
49,15~20,정진영,두한아. 좋지 않은 소식이 있어...*
49,15~20,정진영,어... 아 조금 전에 형사들이 수근거리는 소리를 들었는데... 만해 스님께서 돌아가셨나봐. 
49,15~20,정진영,"우미관입니다. 아 예, 아 그동안 안녕하셨습니까? 아 예, 잠시만 기다리십시오. 두한아. 마루오까 경부님이다. "
49,20~25,정진영,설향씨가 마음에 걸리는 모양이구나. 하지만 설향씨 스스로 네 곁을 떠났어. 널 위하는 마음에서 그랬을 거야.
49,35~40,정진영,아 그래도 많은 사람들이 와서 결혼을 축하해 주었습니다.*
49,35~40,정진영,하... 아마 그랬을 겁니다.*
49,35~40,정진영,"아유, 아닙니다. 아 전 아직... 하하...*"
49,35~40,정진영,"아... 서, 선생님, 농담하지 마십쇼.* "
49,40~45,정진영,아이 그러다가 사고라도 나면 어쩌려고? 
49,40~45,정진영,난... 아 저 폭탄을 엉뚱한 곳에 쓸까봐 그게 걱정된다는 거야. 
49,40~45,정진영,뭐?
49,40~45,정진영,두한아... 
49,55~60,정진영,부민관이라면... 아시아민족 분격대횐가 뭔가 한다는 걸 신문에서 읽은 적이 있어.
49,55~60,정진영,박춘금이라는 악질 친일분자가 일본에 충성을 맹세하는 대회를 연 거야. 
49,55~60,정진영,독립군들이 다녀간 것이 분명해. 나석주 아저씨 같은 독립군 말이야.
50,0~5,정진영,경찰과 검찰은 현재 부민관 테러의 범인들을 잡기 위해 총력을 기울이고 있다. 한편 박춘금 대의당 당수는 이것은 대일본제국에 대한 심각한 도전이라며 범인 색출을 위해 오만원이라는 거액을 현상금으로 내걸었다.
50,0~5,정진영,"입 다물어 개코! 아니, 아무리 몰라도 그렇지 어디서 그런 헛소리야! "
50,0~5,정진영,이 사람들은 독립군들이야. 돌아가신 두한이 아버님과 같은 분들이시라고!
50,0~5,정진영,"너, 생각 좀 하고 살어. 알겠어?"
50,5~10,정진영,그건 어쩔 수 없는 선택이었잖아. 아 징용에 끌려갔으면 지금쯤 태평양 한가운데서 고기밥이 되고 말았을 거야.*
50,10~15,정진영,"인사드리겠습니다. 정진영입니다, 쌍칼 형님.*"
50,20~25,정진영,여기가 바로 영등포 군수공장이야.* 겉으로는 제철회사인 것처럼 꾸미고 있지만 실은 총과 대포를 만드는 비밀 공장이지. 
50,20~25,정진영,아 인원은 몇 명 정도 생각하고 있니? 
50,20~25,정진영,"어, 알았어."
50,20~25,정진영,왜 이러십니까? 체포영장을 보여주십시오. 무고한 사람을 이렇게 함부로 끌고 가도 되는 겁니까?*
50,25~30,정진영,영태 형님이 하야시한테 갔으니까 무슨 방법이 있겠죠...
50,25~30,정진영,말씀드린 그대로입니다. 부민관 사건의 용의자로 종로서 고등계에 연행되어 갔습니다. 
50,25~30,정진영,워낙 큰 사건이라 걱정이 되시겠지만 말씀을 드리지 않을 수가 없었습니다.
50,25~30,정진영,그건 아닙니다. 아 저희들이 일하는 작업장에서 부민관 의거에 쓰였던 폭약이 빠져나갔습니다. 아 그래서 두한이가 죄를 뒤집어쓰게 된 것입니다.
50,40~45,정진영,"이제 진정한 독립 공화국이 탄생할 겁니다! 하하, 이런 날이 오다니! 모든 인민들이 평등하게 다 잘 사는 나라! 하하하!*"
51,20~25,정진영,"예, 동지."
51,20~25,정진영,용감하고 물러설 줄 모르는 동지입니다. 저와 함께 생사를 같이 하기로 했습니다.
51,20~25,정진영,당이라고 하셨습니까? 조선 공산당 말씀이십니까?
51,20~25,정진영,이제 우리도 당원이 될 수 있단 말입니까? 당이라 당...!
51,20~25,정진영,"고맙습니다, 동지."
51,20~25,정진영,"예, 동지."
51,20~25,정진영,"예, 동지."
51,30~35,정진영,두한아! 왔구나? 하하!
51,30~35,정진영,소식 들었다. 건준 치안대에 들어왔다고?
51,30~35,정진영,종로바닥에 벌써 소문이 자자해.
51,30~35,정진영,응. 그렇게 됐어.
51,30~35,정진영,"두한아, 널 보고 싶어하는 분이 계신다."
51,30~35,정진영,박헌영 동지라고 조선 공산당 당수이셔...
51,30~35,정진영,대단한 분이야. 일제에 맞서 가열차게 투쟁을 하신 혁명 투쟁의 영도자이셔.
51,30~35,정진영,"그야 만나보면 알게 되겠죠. 부탁한다, 꼭 한번만 만나줘. 응? 오늘밤 어떠니? 아 잘됐어. 그 분도 오늘 시간이 되신다고 하시거든. 그렇게 해주겠어? 부탁한다."
51,30~35,정진영,"고맙다. 고맙다, 두한아...!"
51,35~40,정진영,박헌영이란 분은 우리 나라에 공산당을 들여오신 혁명의 선봉이셔. 모두들 그 분을 만나는 것 자체를 무한한 영광으로 알지.*
51,35~40,정진영,신불출 선생은 말씀하셨어. 곧 모든 것이 다 프롤레타리아의 기치 아래 모이고 단결할 것이라고 말이야.*
51,35~40,정진영,막스 레닌의 공산주의 사상은 만인이 평등하고 잘 사는 사회를 말하는 거야. 이제 비로소 그것을 실현할 수 있는 세상이 온 거라고...*
51,35~40,정진영,고마워. 하지만 너도 곧 알게 된다. 위대한 박헌영 동지를 만나게 되면 알게될 거라구...
51,35~40,정진영,"참, 인사해라. 두한아, 김천호라고 함께 일하고 있어.*"
51,35~40,정진영,사실이야. 당수를 했어. 한 때는 아주 날렸지. 들어가자.
51,40~45,정진영,"박헌영 동지와 네가 독대를 하다니 정말이지 꿈만 같다, 두한아.."
51,40~45,정진영,그럼... 말했잖아. 마치 신과 같은 분이라구.
51,40~45,정진영,"그렇지 않아, 두한아. 아주 쉬운 거야. 너와 나는 거지였어. 우리가 바라는 세상은 모두가 평등해지는 세상이야. 가난한 사람도 부자도 없는 그런 세상 말이야."
52,5~10,정진영,두한아...! 하하하...
52,5~10,정진영,소식 들었다. 해군 무관부를 접수했다면서?
52,5~10,정진영,"하하하! 이야... 종로바닥에는 벌써 소문이 자자해. 다들 그 이야기 뿐이야. 대단하다, 두한아... 정말 거국적인 투쟁이었어. 박헌영 동지께서도 그 일을 들으시고 영웅적인 쾌거라고 말씀하셨어. 정말 훌륭한 동지를 보았다고 말씀하셨다고!"
52,5~10,정진영,그래요. 우린 모두 불행한 과거를 가지고 있어. 내가 알고 있는 공산당만이 그 불평등한 걸 바꿀 수가 있는 거라고. 모두다 할 일들이 있을 거야. 위대한 붉은 국가 건설을 위해서 말이야.
52,5~10,정진영,"그게 무슨 말씀이십니까? 지금 세상 돌아가는 것을 알아야 합니다. 건국준비위원회가 뭡니까? 그 상당수가 다 좌익, 즉 공산당 하는 사람들입니다. 곧 인민 공화국이 생길 겁니다. 우린 모두가 그 일에 앞장을 서야 합니다."
52,5~10,정진영,"아니야, 난 또 가봐야 한다. 할 일이 많아. 아무튼 축하한다. 역시 두한이 너밖에 할 수 없는 일을 또 해낸 거야. 하하하... 난리라고... 지금 아주 난리들이야. 하하하하하..."
52,15~20,정진영,그랬지... 하지만 그건 너무 성급하고 감상적인 판단이었어. 또 다시 다른 나라의 지배를 받게 되었다는 생각에 감상적인 대응을 한거지.
52,15~20,정진영,"하지만 조선의 해방은 연합국이 가져다 준 것이야. 그렇기 때문에 연합국의 협조 하에, 임시정부를 수립할 수 밖에 없는 거야."
52,15~20,정진영,우리 힘으로 독립을 한 게 아니니까 우리 맘대로 할 수 없다는 거야.
52,15~20,정진영,왜정 때하고는 전혀 사정이 달라. 연합국은 우리를 보호하고 감독하는 역할만 하게 될 거야. 실제로 정부를 이끌어 가는건 우리 조선 사람들이 하게 될거야...
52,15~20,정진영,"니 생각을 이해 못하는 건 아니야... 하지만 이건 소련의 주문이야. 그래서 우리 공산당에서도 이걸 받아들인 거라구... 그만, 그만 하자. 사실 그 이야기 하려고 온 건 아닌데.."
52,15~20,정진영,"두한아, 일전에 얘기했던 그 청년단 말이야.."
52,15~20,정진영,음 그래. 당에서 서두르라는 지시가 내려왔다. 맡아줄 거지?
52,15~20,정진영,무슨 소리야? 두한이 니가 맡아줘야 해. 넌 영원한 나의 대장이잖아?
52,15~20,정진영,하하하... 청년단의 이름은 조선청년전위대라고 지었어. 혁명투쟁의 선두에서 싸우겠다는 결의가 담긴 명칭이야.
52,20~25,정진영,두한아...
52,35~40,정진영,공산당이 왜 아무 잘못도 없는 사람을 죽이겠소? 황형이 뭔가 잘못 알고 있는 게 아니오?
52,35~40,정진영,뭐야?! 당신이 공산당에 대해서 알면은 얼마나 안다고 그런 헛소리야?!
52,35~40,정진영,공산당은 인민의 해방을 위해서 투쟁하는 사람들이야! 죄없는 사람들 함부로 죽이는 사람들이 아니라구!
52,35~40,정진영,공산당은...!!
52,35~40,정진영,"미안하다, 두한아... 나도 모르게 그만..."
52,35~40,정진영,나를 욕하는 건 참을 수 있지만 공산당을 악의적으로 비난하는 건 용납할 수가 없어.
52,35~40,정진영,물론이야. 공산주의를 접하면서 난 내 인생의 의미를 되찾았어. 살아가는 이유 말이야.
52,35~40,정진영,여기서 헤어지자. 난 시공관으로 가볼게.
52,40~45,정진영,그래...? 어른들께 안부 전해드리고...
52,50~55,정진영,큰형님 안에 계시지?
52,50~55,정진영,기다리게
52,50~55,정진영,어! 준비 다 됐어?
52,50~55,정진영,가자. 차를 대기시켜 놨다.
52,50~55,정진영,"음, 오늘 같은 날은 무게가 있어 보여야 해. 가자!"
52,50~55,정진영,백의사? 글쎄? 처음 들어보는 말인데...? 헌데 그건 왜?
52,50~55,정진영,대회를 방해하려는 반동분자다. 어서 끌어내!
52,50~55,정진영,뭣들 하는거야! 어서 끌어내!
53,0~5,정진영,대회를 방해하려는 반동분자다. 어서 끌어내!*
53,0~5,정진영,뭣들하는거야. 어서 끌어내!*
53,0~5,정진영,"닥치지 못해?! 여기가 어디라고 그런 개소리를 지껄이는 거야. 두한아, 저 미친 작자의 말을 더 들을 필요도 없어. 뭣들 하고있는 거야. 어서 끌어내라니까."
53,0~5,정진영,신경 쓸 거 없어. 우익 놈들이 창단대회를 막아보려 보낸 자가 틀림없어. 그자들이 농간을 부리는 거라구. 아직 행사가 남아있어. 가자. *
53,0~5,정진영,두한아 신경쓰지마. 우익 분자들이 방해공작을 피고 있는 거라니까?*
53,0~5,정진영,정말 그랬습니다.
53,0~5,정진영,"두한아... 아직까지 그 이상한 작자의 생각을 하는 모양이로구나? 잊어버려라. 그 일은 마음에 담아둘 것 없어. 우리 공산진영을 분열시키려는 저 민족진영 놈들의 더러운 음모라고, 우익 앞잡이들의 상투적인 수법 말이야, 비열한 놈들!"
53,5~10,정진영,너희 아버님은 분명히 일본 놈들과 싸우시다가 돌아가셨어. 너도 알고 있잖아.
53,5~10,정진영,"너는 우리 조선 청년들의 우상이야. 저들이 시기하고 설치며 방해하려는 것은 어쩌면 당연한 거야. 내가 그 배후를 알아볼게, 더러운 놈들, 다시 그 자를 만난다면은 주리를 틀어서라도 사실을 실토하게 만들겠어. 두고 봐. 내가 확실하게 해놓을게."
53,20~25,정진영,"아, 아닙니다. 아무 것도 아닙니다."
53,20~25,정진영,김두한 전위대장 때문에 잠시 다른 생각을 하느라...
53,25~30,정진영,예... 신경 쓰지 않으려고 해도 그 일이 자꾸 마음에 걸려서 그만...
53,25~30,정진영,장군님의 죽음에 대해서 알고 계셨습니까?
53,25~30,정진영,그렇다면은 그 박용직이라는 자가 말한 것이 거짓이 아니란 말씀이십니까...?
53,25~30,정진영,그렇다면은...?
53,25~30,정진영,전위대장님은 아직 안 나오셨어?
53,25~30,정진영,오야붕이라니... 이제 그런 호칭은 버려!
53,25~30,정진영,하하... 아직 정신개조가 덜 됐군. 언제까지 그렇게 건달로 살 생각이야. 이제 바뀔 때도 되지 않았나?
53,25~30,정진영,오늘 가두시위가 있습니다. 전위대장님이 안 계시니 영태 형님이 지금 모두 데리고 나와주십시오.
53,25~30,정진영,형님까지 왜 이러십니까? 이건 두한이가 속해있는 전위대의 일입니다! 당연히 해야할 일이란 말입니다!
53,25~30,정진영,나오고 싶지 않으면 나오지 마십쇼!
53,35~40,정진영,모스크바 삼상회담 적극 지지한다!*
53,35~40,정진영,우리는 찬탁을 원한다!*
53,35~40,정진영,친일파를 즉각 처단하라!*
53,35~40,정진영,공산당을 죽음으로 사수하자!*
53,35~40,정진영,모스크바 삼상회의 적극 지지한다!*
53,35~40,정진영,우리는 찬탁을 원한다!*
53,35~40,정진영,위대한 공산주의 만세!*
53,50~55,정진영,잠깐! 아니 넌?
53,50~55,정진영,여기가 감히 어디라고... 반동 새끼 이게!
53,50~55,정진영,손님이라니? 그럼 두한이가 이 자를 불러들이기라도 했단 말이야?
53,50~55,정진영,뭐라고...?
53,50~55,정진영,엄중히 경고한다. 더 이상 두한이한테 접근하지 마라. 알겠어? 그때는 네놈 목숨이 위태로울 줄 알아.
53,50~55,정진영,오늘은 두한이를 봐서 참겠지만 다음엔 아니야. 그땐 가만두지 않겠다.
53,50~55,정진영,두한아 어떻게 된 거야! 네가 박용직이라는 그 자식 불러들였다니... 도대체 무슨 생각으로 그런 자를 만난 거냐고!
53,50~55,정진영,내가 지금 진정하게 생겼냐고. 다신 그런 자식과 상대하지마. 전위대장이면 전위대장답게 처치하라고!
53,50~55,정진영,미안하다... 내가 너무 흥분했다. 용서해라.
53,50~55,정진영,공산주의자들이 왜 너희 아버님을 죽였겠어. 너희 아버님을 죽인 건 일제에 매수된 친일파야.
53,50~55,정진영,너희 아버님은 분명히 일본 놈들과 싸우시다가 돌아가셨어. 너도 알고 있잖아?*
53,55~60,정진영,박용직은 두한이에게 무슨 소리를 했을까? 혹시 두한이의 마음이 우리를 떠난 것은 아닐까? 아니다... 두한이를 믿어야 한다. 신불출 선생님도 그러지 않았는가? 김좌진 장군님은 친일파가 죽였다고. 두한이를 믿자. 믿어야 한다.*
54,10~15,정진영,"예감이 이상합니다, 동지."
54,10~15,정진영,많은 식구들을 거느리고 있는 사람입니다. 말없이 이틀째 소식이 없다는 건 있을 수 없는 일이지요. 제가 생각하기에는...
54,10~15,정진영,"아무래도 우익진영의 그 박용직이라는 자가 마음에 걸립니다, 동지."
54,10~15,정진영,"예, 동지."
54,20~25,정진영,그래? 두한이가...
54,20~25,정진영,뭐가?
54,20~25,정진영,말해 봐.
54,20~25,정진영,그럴 리가 없어. 두한이는 둘도 없는 내 동무야. 우리를 절대로 배신하지 않아.
54,20~25,정진영,그만해!! 두한이를 의심하는 거는 내가 용서 못해.
54,20~25,정진영,"그럴 리가 없어, 그럴 리가... 두한이는 절대로 그렇지가 않아."
54,20~25,정진영,우미관으로 가보자.
54,20~25,정진영,대장 안에 계시지?
54,20~25,정진영,큰형님이 아니라 전위대장님이시다. 알겠어?
54,20~25,정진영,정말 사상개조들이 안 되는구만... 어디를 갔는지 모르나?
54,20~25,정진영,"어디를 갔지, 어디를...? 오자 마자 또 어디를?"
54,35~40,정진영,김두한 대장은 제가 잘 압니다. 워낙에 성품이 자유분방한 사람이라 그런 것일 뿐입니다. 
54,35~40,정진영,제가 나름대로 알아보고 있는 중입니다. 아직 그런 조짐은 없습니다. 제가 빠른 시일 내로 조용히 만나서 확인해 보겠습니다. 
54,35~40,정진영,알겠습니다...
54,35~40,정진영,명심하겠습니다.
54,40~45,정진영,두한아...! 왔구나..? 고맙다. 꼭 올 줄 알았다. 영태 형님이랑 애들은...?*
54,40~45,정진영,혼자 오다니...?*
54,50~55,정진영,두한이가 박헌영 동지의 납치범이라뇨? 참모장 동지께서 뭔가 잘못 알고 계신 게 아닙니까? 그럴 리가 없습니다. 두한이가 그럴 리가 없습니다...!
54,50~55,정진영,제가 두한이를 만나 보겠습니다.
54,50~55,정진영,두한이에게 직접 듣기 전까지는 절대로 믿을 수가 없습니다!
54,50~55,정진영,참모장 동지...!
54,55~60,정진영,두한아... 조용히 할 얘기가 있다...
54,55~60,정진영,방금 전에... 믿을 수 없는 소문을 들었다.*
54,55~60,정진영,극우들이 박헌영 동지를 납치하려다가 실패했다는 거였어. 헌데 그들 중에 두한이 네가 끼어있다는 거였어. 그게 사실이냐?*
54,55~60,정진영,그래도 난 널 끝까지 믿었는데...! 왜 그랬어?! 왜 그랬냐고!*
54,55~60,정진영,이게 뭐냐?*
54,55~60,정진영,이건 말도 안돼...! 모두 조작된 거야!!
54,55~60,정진영,두한아... 나도 그 이야긴 알아. 네 아버님을 살해한 박상실이란 자가 한때 사회주의자 활동을 했었지마는... 분명 일제의 사주를 받은 친일파였다고. 진실은 아무도 몰라...! 
54,55~60,정진영,네가 알아서 좋을 것이 없는 이야기였어. 그래서...!
54,55~60,정진영,다시 생각해야 할 사람은 바로 너야!
54,55~60,정진영,난 변하지 않아...
54,55~60,정진영,그건 너한테 달렸다.*
54,55~60,정진영,김두한...!*
55,0~5,정진영,"지금이라도 늦지 않았어. 두한아, 다시 돌아와라. 넌 지금 악질 반동들에게 속고 있어. "
55,0~5,정진영,"너를 위한 거짓말이었어. 너를 위해서 였어. 믿어다오, 두한아. 난 너의 친구야. 너의 둘도 없는 친구야. 너를 위해서 였어. "
55,0~5,정진영,"아니, 천만에... 그 잘나고 배부른 우익들 때문이야. 그들이 이 사회와 나라를 이 꼴로 만들었어. 부르주아들 말이야. 똥배에 기름이나 가득 찬 더러운 부르주아들 말이야!"
55,0~5,정진영,너야말로 변했어. 종로의 오야붕 생활을 오래하다 보니까 너도 모르게 변한거야. 부르주아가 된 거지. 그리고 저 우익의 간악한 꾀임에 넘어가 버린 거라구!
55,0~5,정진영,"도무지 이야기가 통하지 않는구나. 비극이다... 그래 두한아, 이 정진영이도 친구라고는 너밖에 없다.*"
55,0~5,정진영,그런데... 그런데 말이다. 이 자리가... 이 자리가 너와 내가 마주앉은 마지막 자리가 되어야겠니?*
55,0~5,정진영,두한아...*
55,0~5,정진영,우리 공산주의는 사상을 달리하면은 적이 된다고 배웠다. 마지막으로 한 번만 부탁한다. 돌아와다오. 돌아오지 않으면!*
55,0~5,정진영,... 너와 나는 적이다.*
55,0~5,정진영,돌아와다오.
55,0~5,정진영,돌아와다오 두한아...!
55,0~5,정진영,돌아오란 말이야 인마!
55,0~5,정진영,두한아 인마...!
55,0~5,정진영,아니... 그렇게 안 된다는 것을 곧 알게 될거다.
55,0~5,정진영,"김두한, 넌 이제 정진영이의 적이다."
55,5~10,정진영,잘가라...*
55,5~10,정진영,나는 공산당이 될 거야. 못사는 사람들을 위해 일할거야... 프로레타리아...
55,10~15,정진영,"예, 동무. 그렇게 되었습니다."
55,10~15,정진영,"참모장 동무, 전 아직 포기하지 않았습니다. 김두한 동무는 갑자기 너무 충격을 받아 잠시 혼란할 뿐입니다. 어렸을 때부터 함께 살아온 오랜 친구입니다. 반드시 설득시키겠습니다. "
55,10~15,정진영,물론 그렇기는 합니다마는... 시간만 더 주신다면은 틀림없이 해 보이겠습니다. 문제는 김두한이 보다도 그 친구를 현혹시키는 자들입니다. 특히 그 박용직이란 자 말입니다.
55,10~15,정진영,물론 저도 그렇게 말은 했습니다.
55,10~15,정진영,하지만 동무...
55,10~15,정진영,"그런 일은 결코 없을 것입니다, 동무."
55,10~15,정진영,"예, 동무."
55,10~15,정진영,"예, 동무."
55,10~15,정진영,"예, 동무..."
55,15~20,정진영,서둘지마. 모든 건 내 명령을 받아.*
55,15~20,정진영,알아듣겠어? 그 일은 내가 해결할거야.*
55,25~30,정진영,"예, 참모장 동무."
55,25~30,정진영,"참모장 동무, 조금만 더 기다려주십시오."
55,25~30,정진영,시간을 조금만 더 주십시오.
55,25~30,정진영,두한이는 이런 일을 벌일 만큼 영악하지 않습니다. 이 모든 것이 다 박용직이라는 그 자의 머리에서 나온 것입니다. 그 자가 두한이를 조종하고 있는 것입니다. 
55,25~30,정진영,그 자를 가만 둘 수 없습니다. 박용직을 제거하면 김두한 동무는 다시 움직일 수 있습니다.
55,25~30,정진영,알고 있습니다. 두한이의 일은 제게 맡겨 주십시오. 우선 박용직이라는 그 자부터 처리하고 나서 다시 말씀드리겠습니다. 
55,25~30,정진영,동무...!
55,25~30,정진영,이 일은 제가 해결할 것입니다. 꼭 제가...
56,10~15,정진영,"예, 동무."
56,10~15,정진영,"예, 동무..."
56,10~15,정진영,"예, 동무..."
56,10~15,정진영,김천호 동무.
56,10~15,정진영,동무는 어디 소속인가?
56,10~15,정진영,그런데 왜 내 말을 안 들어!
56,15~20,정진영,두한이는 건드리지 말라고 했지? 내가 해결할 것이라고 말이야!
56,15~20,정진영,나는 동무를 내 친동생처럼 아끼고 함께 해왔어.
56,15~20,정진영,네 멋대로 해봐. 멋대로 말이야! 분명히 말해두지만 앞으론 조심해.
56,15~20,정진영,이 그렇게 화를 내며 앞서가자 김해숙이 바짝 따른다. 김천호가 그 자리에서 서서 답답한 듯 보고 있다.
56,30~35,정진영,"네, 동무."
56,30~35,정진영,"예, 동지."
56,30~35,정진영,"아닙니다, 동무."
56,30~35,정진영,고맙습니다. 참모장 동무. 열심히 하겠습니다.
56,30~35,정진영,"네, 참모장 동무."
56,35~40,정진영,친일파를 즉각 처단하라!
56,35~40,정진영,"무상보수, 무상분배, 토지개혁 실시하라!"
56,35~40,정진영,위대한 공산주의 만세!
56,35~40,정진영,우리는 찬탁을 원한다!
56,35~40,정진영,위대한 공산주의 만세!
56,50~55,정진영,이상한 일이다. 두한이는 김천호에 의해서 죽다 살아났다. 내가 아는 두한이는 절대로 그냥 있을 인물이 아니다. 그런데도 아무 반응이 없어. 왜 그럴까... 틀림없이 나를 의심하고 있을 것인데... 반응이 없어.*
56,50~55,정진영,"아니야, 날 의심하진 않을 거야. 그래도 내가 저를 죽일 거라고는 생각하지 않을거야. 어떻게 된 걸까...? 분명 어떤 대응을 해올 것인데...*"
57,15~20,정진영,무슨 일들이오! 왜들 이러는거요? 
57,15~20,정진영,아편...?*
57,15~20,정진영,도대체 얼마나 잃어 버렸길래 이 난리들이오?*
57,15~20,정진영,수십억...?*
57,15~20,정진영,전위대장이오. 뭐야...? 두한이 할머님께서...? 알았어.*
57,25~30,정진영,보면 모르나? 문상을 왔다.
57,25~30,정진영,왜들 이래?
57,25~30,정진영,그렇습니다 형님. 문상을 왔는데 들여보내질 않는군요. 
57,25~30,정진영,다음에 얘기합시다. 난 친구집에 문상을 온겁니다. 들어가도 되겠습니까?
57,25~30,정진영,"동무, 들어가지..."
57,25~30,정진영,친구로서 마지막 예의를 지키러 온 것뿐이다. 오해는 하지 마라.
57,30~35,정진영,글쎄... 그만 가봐야겠다.
57,30~35,정진영,그러나 몸조심해야 할 거다. 그때는 운이 좋았다.
57,30~35,정진영,우리 조직이 너를 계속 노리고 있어.*
57,30~35,정진영,넌 이미 인민의 적이 좼어. 우린 끝났어. 돌이킬 수 없는 강을 건넌거야. 다음에 볼 때는 둘 중에 하나는 아마도 죽어야 할 거다.*
57,30~35,정진영,너야말로 조심해. 가자.*
58,5~10,정진영,그게 사실이야? 두한이가 구속됐단 말인가?
58,5~10,정진영,도대체 경찰에는 왜...?
58,5~10,정진영,"아편...? 아니, 그럼 그게..."
58,5~10,정진영,그랬지... 헌데 그게 두한이었단 말인가?
58,10~15,정진영,음... 두한이가 그렇게 무모한 짓을... 도대체 거기 아편이 있는 걸 어떻게 알았지? 지금 어디에 있나?
58,10~15,정진영,자세한 내막을 알 필요가 있어. 우익들이 청년단을 결성하려던 시기야. 그리고 무엇보다도 경무부장 조병옥이는 우익이야. 
58,10~15,정진영,그것도 아주 철저한 우익이란 말이야. 무슨 꿍꿍이속이 있을 수도 있어. 자세히 알아봐. 자세히 말이야.
58,10~15,정진영,구속이 됐다...? 두한이가...? *
58,35~40,정진영,처리라고 하신다면은...?
58,40~45,정진영,"두한아 우리가 어쩌다가 이렇게 됐냐? 어디서부터 일이 꼬인 걸까? 너와 나, 우리가 얼마나 가까운 사이였니? 피를 나눈 형제보다 더 가까운 우리가 왜 이렇게 됐지? 왜?*"
58,40~45,정진영,왜 서로의 목숨을 노리기까지 됐는가 말이야. 왜? 왜...? *
58,40~45,정진영,그렇게 됐소. 이 좌익과 우익의 싸움이 빨리 끝났으면 좋겠소.
58,40~45,정진영,적어도 해방되기 전까지 우리 친구 사이는 아주 행복했소. 허나 지금은 적이오. 아마도 우리는 분명 둘 중에 하나는 서로에게 죽게 될 거요. 
58,40~45,정진영,죽는 것이 겁이 나서가 아니라 너무도 억울해서 그러오. 우리 친구 사이가 이렇게 됐다는 것이 말이오. 죽일 놈... 이 모든 것이 다 박용직이 그 놈 때문이야. 반드시 그 놈은 내가 해치울 거요.
58,45~50,정진영,쏜다? 쏜다...? *
58,45~50,정진영,"영웅이라? 나는 영웅이 되기 위해서 당에 입당한 것이 아니오. 진실로 낙원을 만들기 위해서요. 인민의 낙원, 공평하고 평등한 인민의 낙원 말이오. *"
58,45~50,정진영,헌데 두한이가 저렇게 돼 버렸어... 꿈에도 생각 못했던 일이오. 꿈에도... 내가 내 손으로 두한이를 죽이려고 할 줄은 정말 생각 못 했던 일이었소... 정말... *
59,30~35,정진영,"예, 참모장 동무."
59,30~35,정진영,"예, 동무.*"
59,30~35,정진영,"예, 동무...*"
59,40~45,정진영,다녀와...*
59,40~45,정진영,나도 이미 각오가 되어 있소. 그만하시오.*
59,40~45,정진영,갑시다...*
59,55~60,정진영,김천호가 저토록 집요하게 노리고 있는 한 두한은 결국은 당할 것이다. 다시 한 번 기회을 만들어 볼 수는 없을까? 다시 한 번...
59,55~60,정진영,허나 이미 늦었을 지도 모른다. 오늘은 어쩌면 틀림없을 것이다. 이런 것은 아니었는데... 이런 것은 말이야...
60,15~20,정진영,그럴 수도 있지. 상대가 김두한이야.
60,15~20,정진영,그럴 필요 없어.
60,15~20,정진영,이미 알고 있는 사실이야. 다친건 어떤가? 
60,15~20,정진영,이미 동무는 두 번이나 실수를 했어. 이제부터는 내 명령 없이 김두한에게 접근하지 말아. 
60,15~20,정진영,"동무의 상대가 아니야, 김두한이는... 내가 해치울 거야. "
60,15~20,정진영,"내가 가장 잘 알아, 김두한이는... 당분간은 놓아둬. 경계가 심할 테니까 말이야. 내가 결정적인 기회를 볼 거야. 내가 말이야.* "
60,30~35,정진영,이상한 일이다... 오늘은 우익 청년대의 결성식이다. 그런데 보이지 않는 인물들이 너무 많아... 김무옥도 없고 신영균이도 없고 김관철이도 없고 휘발유도 없고 삼수도 없어...
60,30~35,정진영,아무래도 이상해... 안보이는 얼굴이 너무 많소.*
60,30~35,정진영,"이봐, 지금 빨리 가서 우미관쪽 동정을 살펴봐, 어서...!*"
60,35~40,정진영,뭔가가 있어... 어서 이곳을 빠져 나갑시다.*
60,35~40,정진영,"뭔가가 있소, 김동무. 틀림없소. 당연히 있어야 할 얼굴들이 하나도 보이질 않소. 우미관에 보낸 대원도 소식이 없으니... "
60,35~40,정진영,어떻게 됐나...? 
60,35~40,정진영,그래? 뭔가가 있어... 어서 가세. 뭔가가 있어...
60,50~55,정진영,도대체 무슨 소리를 하는 거야?! 김천호 동무!
60,50~55,정진영,지금 그런 구차스러운 말을 할 때가 아니야. 신불출 동무가 어떻게 되셨다고? 신불출 동무 말이야!
60,50~55,정진영,무슨 바보 같은 소리를 지껄이고 있는 거야? 도대체 동무는 뭘 했어? 그 지경이 되도록 뭘 한 거야?! 
60,50~55,정진영,신불출 동무는 내가 존경하는 분이고 나를 공산당으로 이끌어주신 분이야. 그리고 우리 조선청년전위대의 참모장 동무란 말이야! 뻔히 눈을 뜨고 그 분이 납치되도록 놓아두었단 말이야?!
60,50~55,정진영,두한이... 두한이 니가... 두한이 니가...? 이럴 수가 있나... 두한이 니가...? 이...
60,55~60,정진영,물론이오! 이 정진영이가 결코 그렇게 호락호락하지 않다는 것을 저놈들은 알게 될 거요. 우선 신불출 동무가 급하오. 김천호 동무...!
60,55~60,정진영,당장 우리 대원들을 총동원해서 신 동무의 행방을 알아봐. 우미관 쪽도 사람을 은밀히 넣어서 계속 동정을 살펴보란 말이야!
60,55~60,정진영,"신불출 동무에게 무슨 일이라도 생기기라도 한다면은 김동무나 나나 목을 내놓아야 해. 우리 목을 말이야, 알겠어?! 꼭 찾으란 말이야, 꼭! 그리고 전 동무들은 비상 대기하도록 해. "
60,55~60,정진영,두한이... 두한이 니가 결국... 우리에게 총부리를 댔단 말이지? 두한이 니가...?*
61,5~10,정진영,"이봐, 동무들! 그걸 지금 보고라고 하고 있는 거야? 도무지 알수가 없다니? 우미관 놈들이 있을만한 곳을 뒤지라고 했잖아? "
61,5~10,정진영,김무옥이 그 놈이 참모장 동무를 납치해 간 것은 분명하지 않은가? 그렇다면 그 놈 주변을 샅샅이 뒤져봐야 할 것 아닌가?
61,10~15,정진영,그 대한민청 간부들은 어찌하고 있나?
61,10~15,정진영,그러니깐 김두한이와 우미관 패들만 사라졌다? 뭔가가 있어... 신불출 동무의 납치 말고도 뭔가가 있어.
61,10~15,정진영,뭔가가 또 있어...*
61,10~15,정진영,무슨 소리야? 병원이라니?
61,10~15,정진영,나쁜 자식들... 이 더러운 반동새끼들... 이놈들...*
61,10~15,정진영,가자.*
61,10~15,정진영,어디야? 지금들 어디 있어?
61,10~15,정진영,그건 또 무슨 소리야? 헤쳐 모이다니? 한강으로 말인가...? 한강 어디야?
61,10~15,정진영,한강... 한강...? 왜 하필 한강이지? 계속 추적해 봐. 그리고 보고하도록 해. 우리는 충무로 병원에 있겠다. 
61,10~15,정진영,"자, 어서가자. 우선 병원부터 가자."
61,10~15,정진영,"한강, 한강? 거긴 왜 갔을까? 그 시간에 한강이라면 많은 숫자가 모인 것을 의미한다. 그렇다면 뭘까...?*"
61,25~30,정진영,"이보시오, 의사 동무? 어떻게 되겠소? 이 어른 말이오."
61,25~30,정진영,"면목이 없습니다, 참모장 동무. 이렇게 까지 되실 줄은 정말 몰랐습니다. 다 저희들 잘못입니다."
61,25~30,정진영,"저희 또한 죽을 각오를 가지고 반동들을 대하고 있습니다. 참모장 동무, 반드시 이 원수를 갚아 드리겠습니다."
61,30~35,정진영,알아냈어? 어디야! 그 놈들 지금 어디있어?
61,30~35,정진영,"태릉? 수백명이 사격? 알아봐, 김천호 동무. 태릉 국군준비대에 연락을 넣어봐."
61,30~35,정진영,전화... 전화... 전화 어딨어? 어 간호원 동무? 이 병원에 전화 어디있어?
61,30~35,정진영,차 준비해. 모두 서둘러. 전 전위대원들은 출동준비 하라고 해.
61,30~35,정진영,"참모장 동무, 가봐야 겠습니다. 곧 다시 뫼시겠습니다"
61,30~35,정진영,"예, 참모장 동무... 명심하겠습니다. 너무 일이 급하게 돼서 일단 가봐야 겠습니다. 그럼...*"
61,30~35,정진영,"두한아, 이제 정말 너를 용서할 수 없게 됐다. 어쩔 수 없이 둘 중의 하나는 정말 죽어야겠다.*"
61,35~40,정진영,차 세워.
61,35~40,정진영,일이 터진게 분명해. 미군들이 가고 있어.
61,35~40,정진영,가자.
61,40~45,정진영,"이럴 수는 없다... 이럴 수는 없어... 오, 김두한... 두한이 니가 이럴 수가 있나? 두한이 너... 용서할 수 없다. 절대로 용서할 수 없어...!*"
61,40~45,정진영,공산당 청년 전위대에 있는 사람이오.*
61,40~45,정진영,"도대체 당신들은 뭘했소? 이나라 치안을 맡고 있는 미군들이 아니오? 당신들은 뭘했소? 뭘했냐고, 뭘!*"
61,40~45,정진영,도대체 어떻게 된 일이오?*
61,45~50,정진영,"죄송합니다, 동무."
61,45~50,정진영,"네, 동무."
61,45~50,정진영,죄송합니다...
61,45~50,정진영,"네, 동무"
61,45~50,정진영,"예, 동무."
62,5~10,정진영,전 대원들이 이 잡듯이 뒤지고 있다고 했어. 헌데 도대체 왜 이 모양인가?
62,5~10,정진영,우리 전위대의 명예가 땅에 떨어졌어. 참모장 동무가 저들에게 테러를 당하고 월북을 했어. 우리의 공산군대인 국군준비대가 뿌리채 뽑히고 절단이 났어!
62,50~55,정진영,그 의리라는 것 말이오. 저들은 김두한이 한 마디에 목숨을 던져버려. 무서운 일이지... 경찰들도 소용 없어. 일제시대에도 늘 그랬소. 그 악명 높던 일본 경찰들도 늘 어쩌지를 못했소.*
63,5~10,정진영,그건 또 무슨 소리야? 서북청년회?
63,5~10,정진영,북쪽에서 내려온 자들은 압록강 동지회라고 이미 있지 않은가?
63,10~15,정진영,하지만 그렇게 쉽지가 않을 텐데...?
63,10~15,정진영,명동파?
63,10~15,정진영,알아... 조선에 날리는 주먹들이지. 저들이 또 우리의 적이 된단 말인가? 또?
63,10~15,정진영,무기를 쓰자는 것인가?
63,10~15,정진영,무기는 안 돼! 같은 우익이면서도 미군에서 김두한을 잡으려고 하는 것은 무기 때문이야. 김두한이 지금 그 때문에 꼼짝을 못 하고 있어...
63,10~15,정진영,만약에 우리 전위대가 김두한이처럼 된다면은 국군준비대도 없는 이 상황에서 최악의 경우를 당할 수가 있어. 한다면은 주먹이야...
63,10~15,정진영,하지만... 시라소니야... 이화룡이고... 이화룡이는 내가 한 번 만난적 있었어.  저들을 쉽게 처리할 수 있을까?
63,10~15,정진영,심영 동무가 공연 중인 중앙극장 쪽은 어떻게 됐나?
63,10~15,정진영,그곳도 잘 지켜야 해. 김두한이는 늘 우리의 허를 찔렀어.
63,10~15,정진영,김두한이는 그런걸 두려워하지 않는 사람이야. 늘 조심하는 게 상책이지. 좋아...! 일단 두한이가 잠잠하니까 서북청년회를 없애 버리도록 하자. 명동을 먼저 부수도록 해!
63,10~15,정진영,실수 없도록 해. 내일 낮에 발기대회가 있다면은 아침 일찍 명동파들이 움직이지 못하도록 손을 쓰란 말이야. 대회직전에 명동패를 초토화시키는 거야.*
63,10~15,정진영,"분명히 말했어. 시라소니, 이화룡이는 왕년에 날리는 주먹들이라고 말이야... 실수 없도록 해.*"
63,10~15,정진영,중앙극장에 나가있는 대원들을 그리로 돌렸다가 일이 끝나면은 다시 즉시 원대복귀 시키도록.*
63,10~15,정진영,서북청년회라... 서북 청년회...? 이들 역시 주먹패들로 이루어진단 말이가? 젠장... 왜 이렇게 갈수록 일이 꼬여드는 거야? 왜? 왜!*
63,15~20,정진영,우리의 주요목적은 저들의 대회를 막자는 거야. 불필요한 행동은 하지 않도록 해. 일을 확대하지 말라는 것이야.
63,15~20,정진영,수고들 해.
63,20~25,정진영,동무나 먼저 가 쉬시오.
63,20~25,정진영,김해숙 동무도 보아서 잘 알게 아니오? 자고 나면 사건 뿐이오. 당의 모든 일을 우리의 몸으로 막아야 하오. 저쪽은 김두한이가 그렇고 말이오.
63,20~25,정진영,나는 일찍부터 사회주의 공부를 했소. 그리고 그 이유 중의 하나는 내 동무 두한이와 함께 그 낙원의 세계로 가는 것이었지... 헌데 우리 앞에 낙원은 너무도 멀리 있소...
63,20~25,정진영,얼마를 더 싸우고 얼마를 더 피를 흘려야 이 놈의 이념의 벽이 무너지는 건지 모르겠소. 정말 모르겠소... 남과 북... 좌익과 우익... 삼팔선... 도무지 생각도 못했던 일들이오. 
63,20~25,정진영,특히나 내 둘도 없는 친구 두한이가 나와 적이 되었다는 것은 지금도 실감이 안나오...
63,20~25,정진영,결국은 그렇게 될 거요. 지금 어디 있는 지 모르겠구만... 결코 숨어서 살 성격은 못 되오. 차라리 어디 있는지 아는게 더 편하오. 보이지 않는 것이 더 불안하지. 두한이...두한이...*
63,20~25,정진영,두한아... 당분간은 별 일이 없어야 될텐데...*
64,0~5,정진영,지금 무슨 소리를 하는 거야?! 시라소니?
64,0~5,정진영,아무리 중국 천하를 돌아다니던 시라소니라고 하지만 그래도 그렇지...!
64,5~10,정진영,운동깨나 했다는 동무들이 그것도 스무명 씩이나 단 한 사람에게 당했단 말인가? 그게 정말이야?!
64,5~10,정진영,죄송이 아니라 믿어지지가 않아서 그래! 아니 어떻게 이렇게 많은 대원들이... 그것도 대부분 운동의 유단자들이 아닌가?!
64,5~10,정진영,늦었어. 시라소니 하나도 당하지 못했는데 지금 그곳으로 간들 뭘 어쩔수가 있겠소...!
64,5~10,정진영,"늦었다고 했어, 동무! 이미 초전에 박살이 났어! 그만들 둬! 우리가 막는다고 해서 쉽게 그만 둘 저들이 아니야. 어차피 한 번은 크게 부딫쳐야 할 상대야. 그보다도 김천호 동무?"
64,5~10,정진영,지금 중앙극장이 어찌 됐나?
64,5~10,정진영,그리로 가. 어쩌면 서북청년회를 막는 것보다도 그곳을 보다 안전하게 지켜주는 것이 더 큰일일 수도 있어... 어차피 명동파를 제압하는 것은 실패를 했어! 그리고 가. 가서 다시 경계에 만전을 기하도록...
64,5~10,정진영,"아냐, 아니야! 내가 한번 가봐야겠어... 같이들 가자구. 서둘러! "
64,20~25,정진영,누군가? 누가 왔었어!
64,20~25,정진영,"김두한!? 심영 동무는? 황철, 문예봉 동무는 다 어디로 갔나?"
64,20~25,정진영,심영 동무는 어디로 갔습니까? 심영 동무 말입니다.
64,25~30,정진영,예... 사실입니다.
64,25~30,정진영,언젠가는 제가 죽일 겁니다. 아니면 반대로 죽던가요... 실례하겠습니다.
64,25~30,정진영,총을 맞았다고?
64,25~30,정진영,찾아봐! 택시가 어디로 갔는지 근처에 병원이 어디어디에 있는지 다 찾아보란 말이야! 찾아봐!
64,30~35,정진영,이래 가지고는 도무지 얼굴을 들 수가 없어.
64,30~35,정진영,하지만이라는 건 없다. 지금 우리에게 변명이나 이유 같은 건 필요 없다는 뜻이야! 곧 당에 보고하라. 이건 엄청난 사건이다.
64,30~35,정진영,박헌영 동무께서 신신당부하셨던 큰 과업이었다. 그런데 또 다시 과오를 범했어! 심영 동무를 찾아야 한다. 저들이 필름과 영사기를 빼앗고 심영 동무를 노렸다는 것은 그 목표가 뻔하다. 
64,30~35,정진영,다시는 공연을 하지 못하게 하기 위해서야... 그렇다면 저들은 또한 끝까지 심영 동무를 노릴 것이다. 안 그런가?
64,30~35,정진영,찾아. 심영 동무의 거취를 찾아봐! 그리고 계속해서 김두한이를 찾아. 지금까지 찾아온 대로 계속 추적하란 말이야. 아직 이 놀이는 끝나지 않았어. 진정한 승부는 나지 않았어...!
64,35~40,정진영,그럴 수도 있을거요...
64,35~40,정진영,그래야 하지 않겠소? 당간부들은 몹시 놀란 것 같았소. 당연하지. 벌써 거듭 몇 번째냔 말이야...!
64,35~40,정진영,그런데 그게 그렇게 쉽지가 않소. 누구보다도 내가 가까이서 보아온 김두한이오. 그런데 지금에 와서 생각해 보니 난 아는게 아무것도 없었 소.
64,35~40,정진영,두한이는 누구보다도 정직하고 강직했소. 그런데 지금은 그렇지가 않아. 약기로 말하자면은 당할 자가 없고 눈치 또한 너무 빨라. 그리고 몹시 잔인해졌소.
64,35~40,정진영,아니오... 아니오... 나는 늘 졌소. 어릴때도 그랬지. 내가 못한 일을 두한이는 늘 해내곤 했어.
64,35~40,정진영,나는 언제나 두한이의 그늘 밑에 있었소. 지금도 그런 것 같소... 번번이 조롱을 당하고 있질 않소?*
64,50~55,정진영,이봐 정재? 우린 옛날에 반도의용정신대에서 함께 생활했었어. 의리를 봐서래도...
64,50~55,정진영,배반이라니? 우리는 이념이 달라서 그렇게 된 거야.
64,50~55,정진영,야 이정 재... 정말 이럴거야?
64,50~55,정진영,"야 이정재. 너 후회할 날 있을거다, 알겠어?"
64,55~60,정진영,그래도 난 네가 경찰이라고 도움을 청하러 왔는데 이렇게 내쫓아? 두고 보자... 두고 보자고... 
64,55~60,정진영,이정재... 두고 보자...
64,55~60,정진영,똑같은 반동 새끼들이야. 다 변했어... 심영 동무를 어디서 찾는단 말인가?
64,55~60,정진영,뭐라고?
64,55~60,정진영,그걸 왜 이제서야 말하는 거야...! 좀 더 일찍했어야지. 가자. 거기가 어디야? 가자!
65,0~5,정진영,심영 동무는 늘 택시를 이용했소. 그리고 사건이 난 날도 택시를 타고 그 곳을 빠져나갔어. 
65,0~5,정진영,그런데도 엉뚱한 곳만 뒤지고 다녔어. 처음부터 택시 생각을 했더라면은 병원은 보다 쉽게 알아낼 수 있었을 거야.  
65,0~5,정진영,그만큼 우리들의 생각이 너무 모자랐다는 것을 말하는 거야.
65,0~5,정진영,경찰도 우리의 적이라는 걸 이번에 다시 한 번 확인했어. 특히나 이정재... 그 반동은 경찰이 되더니만은 완전히 우익쪽에 붙어 버렸어! 모두가 우리의 적이야! 우리의 적!
65,0~5,정진영,좀 더 속력을 내 봐. 김두한이가 우리보다 먼저 병원에 갈 수도 있어! 
65,5~10,정진영,"방금 나간 차 말이야. 병원 수위들에게 차 번호 좀 알아봐. 아니, 오늘 여기에 다녀간 차들 다 알아봐. "
65,10~15,정진영,"두한이 너... 끝까지 나를 괴롭히는구나, 끝까지! 전생에 무슨 악연이 있어서 이렇게까지 되어야 한단 말인가!"
65,10~15,정진영,"어허, 왜들 이래?"
65,10~15,정진영,당을 위해서 싸우다가 이렇게 부상을 당했어. 그 전향서는 진심이 아니다. 
65,10~15,정진영,"이미 고백을 했다는 것 자체가 자아비판을 한 것이나 똑같아. 아니 그렇소, 심영 동무?"
65,10~15,정진영,동무에 관한 사후 대책은 윗선과 논의해 보겠소. 김두한이가 다녀갔다면 더는 괴롭히지 않을 거요. 내일 중으로 동무에 관한 처신을 결정하겠소.
65,10~15,정진영,어떻게 됐나? 출입차량을 확인 해봤나? 특히나 우리가 막 들어왔을때 빠져나간 그 차 말이야. 뭔가 이상했어.
65,10~15,정진영,그래? 차 번호는 확인해 봤나?
65,10~15,정진영,이제부터 대원들을 풀어서 그 차가 주로 다녔던 곳을 추척해보도록 해. 어딘가 숨어있는 곳이 분명히 들어날 거야.
65,10~15,정진영,잡아야 해.  반드시 말이야...!
65,20~25,정진영,"아닙니다, 동무. 모두가 저의 불찰입니다."
65,20~25,정진영,"알겠습니다, 동무..."
65,20~25,정진영,"네, 동무."
65,20~25,정진영,"네, 동무."
65,20~25,정진영,"네, 동무. 지금 계속해 전 서울시내에 대원을 풀어 모든 단서들을 수집하고 있습니다. 포착되는 대로 결론을 내리겠습니다.*"
65,20~25,정진영,"네, 동무...*"
65,20~25,정진영,"네, 동무.*"
65,20~25,정진영,"예, 동무."
65,35~40,정진영,뭐야? 김두한의 차 행방을 알아냈어?  
65,35~40,정진영,무슨 문제?
65,35~40,정진영,그렇다면 그 애기보살 주변을 조사해보면 뭔가 나올 게 아닌가?*
65,35~40,정진영,애기보살...
65,35~40,정진영,그런 일이 있었구만... 수고들 했어. 밤낮을 가리지 말고 계속 쫓아. 
65,35~40,정진영,"이건 우리 전위대의 마지막 자존심이야. 모두들 듣지 않았나? 지금 우리 공산당은 위기야! 어떻게 하든 찾아내야 돼. 이건 당의 명령이야, 당의 명령!"
65,35~40,정진영,나가 봐.
65,45~50,정진영,나야. 대장이야. 뭐라고...?
65,45~50,정진영,그래...?
65,45~50,정진영,알았다. 준비들 해. 출동준비 해. 이번엔 내가 간다.
65,55~60,정진영,상황은 어떤가?
65,55~60,정진영,그렇게 해. 이 쪽은 내가 맡는다... 동무가 후문을 맡도록...
65,55~60,정진영,두한이 안에 있나? 나 정진영이다! 두한이 안에 있나? 나 정진영이야! 두한이 안에 있나? 나 정진영이야!!
66,0~5,정진영,"두한아! 나다! 정진영이다! 네 목숨을 받으러 왔다! 나와라!! 애꿎은 목숨을 해치고 싶진 않다! 어서 나와라, 두한아! 나와서 우리 둘이 해결하자!"
66,0~5,정진영,"넌 지금 포위되어있어! 어서 나와라, 김두한! 두한아! 내 소리 듣고 있냐? 듣고 있어?!"
66,0~5,정진영,"두한이, 뭘 하고 있나? 내가 왔다고 하지 않았나? 어서 이리 나와라. 어서 나와."
66,0~5,정진영,"이, 반동 새끼!*"
66,0~5,정진영,"김두한, 너를 죽이러 왔다...!"
66,5~10,정진영,"그래... 하지만 너는 나의 부하를 수없이 죽였다. 붉은 깃발 아래에 뭉친 나의 부하, 형제들을 죽인건... 바로 나를 쏜 것이다."
66,5~10,정진영,아니... 너와 나의 친구 사이는 이미 끝난지 오래다....
66,5~10,정진영,이미 다 끝났다. 넌 이 곳을 빠져 나갈 수 없어. 
66,5~10,정진영,각오해라.
66,5~10,정진영,두한아...
66,5~10,정진영,우리가 왜 이렇게까지 되었는지 모르겠다... 난 너에게 수없이 많은 시간을 주었다.*
66,5~10,정진영,두한아... 마지막으로 한 번 더 묻겠다. 난 아직도 너와 마찬가지로 너를 이 세상에서 가장 친한 친구로 생각한다...*
66,5~10,정진영,"그러나 당을 떠나서는 있을 수 없는 일이다. 돌아와다오... 돌아와다오, 두한아... 우린 얼마든지 옛날로 다시 돌아갈 수 있어. 부탁이다, 두한아... 돌아와다오... 돌아와...*"
66,5~10,정진영,"돌아와, 김두한! 나도 쏘기 싫다! 내가... 내가 왜 너를 죽여야 한단 말이냐? 그 많은 사람들 중에... 하필 왜 내가 죽여야 한단 말이냐?* "
66,5~10,정진영,두한아... 부탁이다... 돌아와... 돌아와다오...!*
66,5~10,정진영,"돌아오란 말이야, 인마!"
66,5~10,정진영,뭐라고...?*
66,5~10,정진영,다시... 다시 한 번 묻겠다. 정말 돌아올 수 없나? 이렇게 죽고 싶은가?*
66,5~10,정진영,날... 원망하지 마라...*
66,10~15,정진영,잘가라... 당과 인민의 명령의 따라 너 김두한이를 응징하는 것이다.*
66,10~15,정진영,"두한아, 용서해라... 용서해...*"
66,15~20,정진영,어쩔 수가 없었어. 선택의 여지가 더 없었어. 당원에게 있어서 사사로운 감정은 사치라고 배웠다. 
66,15~20,정진영,너를 죽인 건 조국과 인민을 위한 길이었다. 조국과 인민... 조국과 인민...! 조국과 인민! 끄아!
66,15~20,정진영,아니야... 그래도 내가 널 쏠 줄은 몰랐다... 정말 내가 쏠 줄은... 믿어지지가 않는다... 지금도 내가 두한이를 죽였다는 게 믿어지지가 않아...*
66,15~20,정진영,용서해라... 어쩔 수가 없었어... 정말 어쩔 수가...!*
66,20~25,정진영,안 돼!*
66,20~25,정진영,으헉...!*
66,20~25,정진영,들어와.
66,20~25,정진영,아니... 지도자 동지가 아니십니까?
66,20~25,정진영,"고맙습니다, 동무."
66,20~25,정진영,"고맙습니다, 동무."
66,20~25,정진영,"고맙습니다, 동무..."
66,20~25,정진영,"예, 동무. 열심히 하겠습니다..."
66,35~40,정진영,그래? 그게 무슨 소리야?
66,35~40,정진영,그럴까?
66,35~40,정진영,음... 그럴 수도 있겠지. 아무튼 매사에 조심할 필요가 있어. 특히나 우리가 두한이를 죽였기 때문에 우미관 식구들이 기습해올 우려가 있어.
66,35~40,정진영,아마 한동안은 마음놓을 수 없을 거야. 우미관 식구들은 내가 잘 알아. 반드시 빚을 지면 갚는 성격이지. 틀림없이 우리를 찾아올 거야. 조심들 해.
66,35~40,정진영,전위대장입니다. 
66,35~40,정진영,"네? 아니, 동무..."
66,35~40,정진영,네?? 
66,35~40,정진영,그렇게 하겠습니다.
66,35~40,정진영,"아니, 그게 무슨 말씀이십니까?*"
66,35~40,정진영,네... 듣고 있습니다...*
66,35~40,정진영,예... 동무....*
66,35~40,정진영,김두한이가... 김두한이가... 살았어...*
66,35~40,정진영,두한이가... 살아있어... 살아있어...*
67,0~5,정진영,당과 인민의 명령에 따라 너 김두한이를 응징하는 것이다.*
67,5~10,정진영,기왕에 시작한 일이야. 다시 시도해 봐야지. 김두한이 죽이는 일 말이야.
67,5~10,정진영,어차피 우리쪽에도 총을 쐈고. 저 쪽에서도 분명히 대답이 돌아올거야.
67,5~10,정진영,"답답한 것은 당이 흔들리고 있다는 거야. 오랜만에 활동 자금이 내려왔는데, 그게 위조지폐라고 그랬어."
67,5~10,정진영,동무들은 몰라. 위조 지폐가 얼마나 위험한 물건인지 말이야. 크게 잘못 되면은 인민들에게 결정적인 불신을 받게 돼.
67,5~10,정진영,법의 조치도 엄격해서 어느 나라든 최고의 형으로 다스리는 것이 바로 위조지폐 건이야.
67,5~10,정진영,"다급해진거야... 당이 지금 아주 다급해진거야. 도대체, 어떻게 이 지경까지 왔지..."
67,5~10,정진영,"네, 전위대장입니다. 네 ,그렇습니다 동무. 아직은 별 일 없습니다. 지금 뭐라고 하셨습니까? 북에서 누가 온다고요?"
67,5~10,정진영,"아, 지금 그게 무슨 말씀이십니까?"
67,5~10,정진영,북경의 곰이라고요?*
67,5~10,정진영,들어와.
67,5~10,정진영,"동무가, 북경의 곰이라는 사람인가?"
67,5~10,정진영,나야.
67,20~25,정진영,"네, 지도자 동무."
67,20~25,정진영,"네, 동무..."
67,20~25,정진영,"알겠습니다, 동무."
67,25~30,정진영,무슨 일이야?*
67,25~30,정진영,괜찮아. 내 어릴적 친구야. 들어와 개코. 오랜만이구나.
67,25~30,정진영,어쩐 일이냐.
67,25~30,정진영,차근차근 말해 봐라. 무슨 얘기를 하는거야!
67,25~30,정진영,"개코, 넌 세상을 아직 잘 몰라!"
67,25~30,정진영,"내가 왜 그랬는지, 왜 그래야만 했는지, 그건 두한이가 잘 알고 있을거야. 돌아가라. 그리고 다신 오지 마! 여긴 위험한 곳이야."
67,25~30,정진영,그래! 몇십 번을 망설였다! 수 없이 말이다! 죄없는 우리 공산당 청년들이 수 없이 죽었다! 억울하게 말이야!
67,30~35,정진영,그래서 나도 총을 꺼낼 수 밖에 없었어! 하지만 살아있다지?
67,30~35,정진영,"나도 아프다... 너만큼이나 나도 아퍼. 자, 그만 돌아가라. 나 바쁘다. 어서 가 봐!*"
67,30~35,정진영,어려울 거다...*
67,30~35,정진영,가라... 현실성이 없어.*
67,30~35,정진영,아마... 영 어려울 것이다. 하지만... 두한이가 정말 나를 한번만 만나 보겠다고 하면 피할 이유는 없다.*
68,0~5,정진영,그게 무슨 소리인가? 금강이라는 자가 명동 서북청년회를 찾아 갔어?
68,0~5,정진영,시라소니를? 그렇다면 저들을 때려눕혔는데도 저들이 가만히 있었단 말인가?
68,5~10,정진영,하지만 대단하긴 하군. 황병관이를 집어 던졌다면 말이야. 황병관이는 레슬링 동양 참피온을 지냈어. 일단 놨둬 보자구.
68,5~10,정진영,"당에서는 우미관의 김두한이와 서북청년회의 시라소니, 이화룡이가 모두 우익 쪽에 붙어있는 것을 보고 조치를 취한 것이야."
68,5~10,정진영,"주먹은 주먹끼리 해보라고 말이야. 일리는 있어. 박헌영 동무가 권한 일이기도 하고... 그보다도 이봐, 김천호 동무?"
68,5~10,정진영,김두한이 나왔다고 했나.
68,5~10,정진영,어차피 경찰은 우익들 편이니까 지난 것에 더 연연할 필요는 없어. 전위대 전 조직을 계속 점검하고 비상대기 하도록 해. 곧 총파업에 돌입한다는 연락이 왔어.
68,5~10,정진영,남반부 전국이 암흑이 될 거야. 이제부터 피와 신음소리가 전국을 뒤덮을 거야. 우리 당의 힘과 위력을 바야흐로 보여주자는 것이야. 총파업 말이야.
68,40~45,정진영,여보세요? 전위댑니다.
68,40~45,정진영,곧 전 서울시내에 전화가 끊기고 전기가 나갈 거요. 대원들을 모았으면 용산에 지정된 장소로 이동하시오.
68,40~45,정진영,알겠소.
68,40~45,정진영,알고 있소.
68,40~45,정진영,알겠소.
68,40~45,정진영,"음... 곧 전화, 전기가 다 끊긴다. 빨리 현장으로 이동하도록."
68,40~45,정진영,본래 새로운 세상이 오려면은 지난 세상은 어둠 속에 감춰지게 마련이오. 그저 시간가는 대로 우리들을 맡겨 봅시다. 어디론가 흘러가겠지...
68,40~45,정진영,준비합시다. 권총을 잘 간수해요.
68,40~45,정진영,"괜찮을 거요. 아무 일도 없을 거요. 괜찮을 거요. 자, 서둡시다. 곧 불이 나갈 거요.*"
68,55~60,정진영,이 새끼들!*
69,0~5,정진영,위원장 동무? 이건 무모하오. 아직까지 누구도 김두한을 이긴 적이 없소. 이건 수천 동무의 사활이 걸린 일이오!
69,0~5,정진영,잘못 안 거요. 그들은 싸우질 않았소. 김두한이가 자기보다 나이 많이 든 시라소니를 선배 대접해준 것뿐이오!
69,5~10,정진영,무슨 소리를 하는 거요? 이미 약속을 했지 않습니까?
69,5~10,정진영,뭐요...?
69,15~20,정진영,뭐하는 짓이야?
69,15~20,정진영,"멍청한 놈! 이미 약속을 했어, 이러지 않겠다고!"
69,15~20,정진영,안 돼! 명령이다! 쏘지마! 쏘지마!
69,45~50,정진영,금강동무... 동무는 북경의 곰이라는 별호답게 정말 훌륭히 싸웠소. 지금까지 김두한일 그렇게 상대한 사람은 동무가 처음일 거요.
69,45~50,정진영,물론이오. 동무는 졌소. 그러나 떳떳하게 졌소.
69,45~50,정진영,어디서 그런 싸움실력을 익혔소?
69,45~50,정진영,그렇소?
69,45~50,정진영,그렇소. 지금은 적이 되었지만 말이오. 내가 두한이에게 보다 확실하게 사회주의를 가르치지 못한 게 한이 되오...
69,50~55,정진영,"무슨 말이오, 그건?*"
70,15~20,정진영,결국은 그 목적을 가지고 일으킨 파업이야. 그러나 아직은 모든 게 불확실하고 불안하오. 미군과 경찰이 문제가 아니라 청년연맹이 문제야.
70,15~20,정진영,우리와 마찬가지로 저들도 죽기살기로 나오고 있소.
70,15~20,정진영,알고 있소. 그러나 그것은 우리가 먼저 쐈기 때문에 빚어진 일이오.
70,15~20,정진영,어차피 희생은 따르게 마련이오. 북에서 온 그 금강이란 동무는 어찌 됐소?
70,15~20,정진영,그 결투는 아주 신선했소. 반면에 우리 공산당으로서는 얻은 게 없는 싸움이었소. 전평위원장이 아주 바보같은 짓을 했소. 우리 김천호 동무도 그렇고.
70,15~20,정진영,그 금강이라는 동무 말이오. 꽤 인간적인 사내였소. 그 자는 말했지. 당이나 이념보다도 더 중요한 것은 친구라고 말이오. 당원으로서 그렇게 말하기는 결코 쉽지 않은데 말이야.
70,15~20,정진영,그러나 나는 죽마고우를 쏘았소.
70,15~20,정진영,친구라... 친구... 마치 아주 오래 전에 들어본 이름 같소... 아주 오래 전에...
70,30~35,정진영,무슨 짓들이야? 그만두지 못 해?*
70,30~35,정진영,어쩐 일이야? 니가 여길 다시 오다니... 여긴 오지 말라고 했잖아!
70,30~35,정진영,내 친구야!
70,30~35,정진영,왜들 이래? 내 친구라고 하잖아! 나가들 있어.
70,30~35,정진영,"마셔라. 니가 여기 왜 왔는지 나는 알 것 같애. 야, 개코. 지난번에도 니가 한번 왔던 적이 있었지. 넌 사실 우리 친구들 중에 가장 정이 많은 놈이야. 마음 고생이 많을 거다."
70,30~35,정진영,그랬을 거다. 이제 와서 얘기지마는 김무옥이가 죽은 것도 가슴이 아프다. 어쨌든 무옥이도 친구가 아니냐?
70,30~35,정진영,그래. 서로가 돌아오기 어려운 강을 넘었어. 너도 조심해라. 이렇게 여길 찾아오면은 그 쪽에서도 의심받을 수가 있어.
70,35~40,정진영,아마 그렇게 될 거다.
70,35~40,정진영,너무 늦었어.
70,35~40,정진영,잔 마셔라. 니 말은 한번 생각해보마. 보나마나 어려운 일이지만 말이다. 이미 우리는 원수가 됐어. 자고 나면 총부리를 겨누는 사이가 됐어.*
70,35~40,정진영,"그리고, 이 총에 죽다 살아난 두한이야. 우리가 과연... 화해할 수 있을까?*"
70,35~40,정진영,어려울 거야... 어려울 거야...*
70,35~40,정진영,어려울 거야. 두한이는 이미 나를 쏘려고 마음을 굳혔을 거야! 틀림없이 그럴 거야.*
70,45~50,정진영,"그래... 이미 늦은 거야. 다 늦은 거야. 이제 와서 대체 무슨 말을 한단 말인가? 그리고, 도대체 내가 지금 무슨 짓을 하려고 한단 말인가?*"
70,45~50,정진영,화해? 친구? 글쎄... 이제 와선 말도 안되는 일이야...*
70,50~55,정진영,뭐가 말이오?
70,50~55,정진영,글쎄...
70,50~55,정진영,알고 있소.
70,50~55,정진영,그것도 알고 있소.
71,20~25,정진영,여보세요. 
71,20~25,정진영,그래? 정말이냐? 
71,20~25,정진영,정말 두한이가 나를 만날 의사가 있다고 했다 그런 말이야?*
71,25~30,정진영,좋아. 정 그렇다면 생각해 보겠다. 두한이를 만나보는 일 말이야. 물론 생각은 하고 있었어. 어찌 되었든 간에 한번은 꼭 만날 필요가 있다고 말이야. *
71,25~30,정진영,하...두한이가 마음 고생이 심하다고? 그래... 왜 안 그렇겠어? 내가 그런 것처럼 두한이도 그렇겠지.*
71,25~30,정진영,그럴 거야..그럴 거야.. 하지만 과연 우리가 만나서 옛날처럼 될 수 있을까? 우리가?*
71,25~30,정진영,"아, 아무것도 아니오. "
71,35~40,정진영,그래도 영수증을 써주었고 이승만의 싸인이 있었다고 들었어. 적어도 강제성은 있었지만 합법을 가장했어. 
71,35~40,정진영,그 일은 김천호 동무가 알아서 잘 대처를 해. 
71,35~40,정진영,우리 전위대나 김두한의 별동대나 어렵기는 다 마찬가지지. 그러니까 그런 일까지 생기는 거야. 
71,35~40,정진영,아무래도 두한이를 한번 만나야 되겠어. 
71,35~40,정진영,갑자기가 아니라 아주 오래 전부터 생각했던 일이오. 
71,35~40,정진영,우리는 불필요한 피를 너무 많이 흘리고 있어. 그걸 조정해보자는 거야. 
71,35~40,정진영,그쪽에서 만나고 싶다고 연락이 왔어. 내가 아는 두한이는 적어도 그렇게 비겁한 친구는 아니야. 만나야겠어. 그렇게 들 알아. 
71,35~40,정진영,오래 전부터 생각했다고 하지 않았나? 시간이 없어. 더 미룰 시간이 말이야. 마지막이야. 어차피 한번은 만나야 한다구. 그렇게들 알아.
71,35~40,정진영,일이 어떻게 되든 어차피 한번은 만나야한다고. 한번은..
71,50~55,정진영,"그래, 나 진영이다. 개코구나. 무슨 일이냐?*"
71,50~55,정진영,뭐라구....? 
71,50~55,정진영,두한이를 바꾸겠다고? 
72,0~5,정진영,듣고 있다. 오랜만이로구나.*
72,0~5,정진영,상처는 어떠냐?*
72,0~5,정진영,"그래? 그 뒤로 얘기를 나눌 시간이 없었다. 그때는 어쩔 수가 없었다. 쏠 수밖에 없었어. 아니, 어쩌면, 지금도 그럴지 모른다.*"
72,0~5,정진영,용건이 뭐냐?*
72,0~5,정진영,"말해라, 김두한.*"
72,0~5,정진영,김두한.. 말해.*
72,0~5,정진영,만난다고 뭐가 달라지겠냐? 하지만 나도 한번은 그러고 싶었다. 어떻게 만나면 되겠나?*
72,0~5,정진영,옛날처럼?
72,0~5,정진영,말해라. 시간과 장소를 정해라. 만나는 방법도.
72,0~5,정진영,"시간과 장소를 말해. 김해숙 동무, 적어."
72,0~5,정진영,명동장이라구? 좋다. 시간은?
72,0~5,정진영,사흘 후? 점심? 참석인원은?
72,0~5,정진영,단 둘이 만났으면 좋겠지만 서로 신변보장이 어려울 것이다. 한 다섯 씩만 데리고 만나자.*
72,0~5,정진영,그때 보자.
72,0~5,정진영,이미 만나기로 한 일이야.
72,5~10,정진영,서로가 좌익과 우익의 청년대들이야. 피를 덜 흘려볼 수 있는 방법이 있을까 찾아보자는 거야!
72,5~10,정진영,비록 적이지마는 서로가 약속은 지킬 줄 알아.
72,5~10,정진영,"글쎄, 이 일은 내게 맡겨두라고 했잖아! 나가봐."
72,5~10,정진영,어차피 두한이나 나나 이게 마지막일 거요. 사실은 정말 한번 꼭 만나고 싶었었소. 더러운 감상주의인지는 모르지만 말이오.
72,25~30,정진영,이미 아는 일이오.
72,25~30,정진영,우리 전위대는 늘 위기 속에 살았소. 앞으로도 그럴 것이고 지금도 그렇소.
72,25~30,정진영,우리는 많이 지쳤소. 도대체 총파업을 해서 얻은 게 뭐요? 오히려 당이 붕괴되고 입지가 좁아졌소. 헌데 또 총파업이오?
72,25~30,정진영,흥. 조금 전에 좌우합작이라고 했소?
72,25~30,정진영,좌우합작이라? 혹시 또 누가 아오? 서로 잘 될지 말이오.
72,25~30,정진영,잘 될 수 있는 일이지. 그러니까 들 만나는 것 아니겠소? 안 되는 것보단 되는 게 좋은 것 아니겠소?
72,40~45,정진영,무슨 소리야?
72,40~45,정진영,뭐야...? 도대체 왜 이런 일이 한꺼번에 터지는 거야?
72,40~45,정진영,출동해. 김규식 박사의 일을 다시 알아보고 여운형 선생의 주변도 다시 조사해봐. 뭐가 어떻게 된 건지 말이야. 부대장동무가 자세히 내용을 파악해봐.
72,45~50,정진영,마지막이라고 했소. 단 한번뿐이오. 잘 되면 이 피의 악순환이 그칠 수도 있는 일이고 말이오. 실은 나도 많이 지쳤소. 
72,45~50,정진영,"내가 바라는 공산주의는 이런 것이 아니었소. 허나 지금은 자고 나면 죽고, 죽는 일 뿐이오. 이런 건 아니었단 말이오. 그래서 만나려는 거요. 잘 안 되는 줄 알면서 말이오."
72,50~55,정진영,"어쨌든 오늘 두한이를 만나기로 했다. 준비들 해. 부대장 동무와 김해숙 동무, 그리고 조장 동무 두명을 데리고 가도록."
72,50~55,정진영,그렇게 해.
72,50~55,정진영,우린 비무장으로 간다. 그렇게들 알아.
72,50~55,정진영,그렇소. 괜찮을 거요.
72,55~60,정진영,김해숙 동무!*
72,55~60,정진영,"김해숙 동무! 정신차려 김해숙 동무. 김해숙 동무, 김해숙 동무! 정신차려.*"
72,55~60,정진영,김해숙 동무 죽어선 안 돼.. 죽어선 안 돼.*
72,55~60,정진영,김해숙 동무..*
72,55~60,정진영,간악한 놈 같으니.
73,0~5,정진영,김해숙 동무!*
73,0~5,정진영,김해숙 동무!!!*
73,0~5,정진영,정신차려 김해숙 동무!* 김해숙 동무! 김해숙 동무! 정신차려!
73,0~5,정진영,간악한 놈 같으니
73,0~5,정진영,그걸 나에게 묻는 거냐? 뭐? 비무장으로 하자고? 나는 그래도 옛 친구 두한이를 믿었다.
73,0~5,정진영,우리 동무 하나가 너희들의 총탄에 숨을 거두었다. 내가 가장...일생에 단 한번 마음을 주었던 사람이었다. 근데 죽었다. 너희 놈들이 죽였어.
73,0~5,정진영,모든 것은 끝났다. 너는 지금 나를 얼마든지 죽일 수 있다. 그렇다면 쏘아라. 총을 가지고 왔겠지? 비열한 놈들.. 쏴라. 쏘란 말이다!
73,0~5,정진영,"수 쓰지 마라. 너는 총이 없을 수도 있겠지. 그러나 뒷구멍으로 너희 우미관 식구들이 무슨 짓을 했을지, 그건 아무도 모른다. 약속은 끝났다. 부대장 동무?"
73,5~10,정진영,돌아간다.
73,5~10,정진영,돌아간다.
73,5~10,정진영,"두한아, 잘 기억해둬라. 그래도 난 너와 좋은 시간 만들어보려고 노력을 했다. 그런데 정말 우습게 되었다. 다음엔, 다음엔 정말로 너를 확실하게 죽일 것이다."
73,5~10,정진영,이미 마지막이 되었다. 가자.*
73,5~10,정진영,"잘 있어라, 개코.*"
73,5~10,정진영,왜 그랬을까? 저 이들은 빈손으로 오면서?*
73,5~10,정진영,"그럴까? 계략? 그렇다면 구태여 저들이 왜 한번은 빈손으로 오면서, 한편으로는 별동대를 보내 우리를 습격하는 연극을 해야했을까?*"
73,5~10,정진영,처음부터 나나 동무를 죽일 수 있었는데 말이야.*
73,5~10,정진영,그럴까? 그럴까..?*
73,20~25,정진영,김해숙이?*
73,25~30,정진영,김해숙 동무...김해숙...해숙이...*
73,25~30,정진영,헌데... 명동장 사건은 뭔가 이상했다. 두한이의 부하들이 두한이의 명령도 없이 그럴 리가 없어. 두한이는 내가 잘 안다. 그렇다면 대체 어떻게 된 일일까? 우리를 습격한 그 자들은 누구란 말인가? 대체 누구?*
73,25~30,정진영,어쩐 일이시오?
73,25~30,정진영,본론이 뭐요?
73,25~30,정진영,그거야 이미 알고 있는 일이 아니오?
73,25~30,정진영,이미 우리 대원들이 나가 있소.
73,25~30,정진영,동무가 말 안해도 나가려던 참이오.
73,25~30,정진영,박차라? 그렇겠지. 어차피 싸우다가 죽게 되어 있소. 알고 있으니 가보시오.
73,25~30,정진영,처음부터 당은 우리에게 목숨을 요구했소. 우리가 흘린 피 위에 사회주의 낙원이 꽃 필 거라고 했지. 알고 있다 그런 말이오. 
73,25~30,정진영,그러니 더 이상 나에게 설교하지 말라 그런 말이야!
73,25~30,정진영,이 새끼야. 여기서 서열 따지지 말아. 죽고 싶어? 나도 이제 뵈는 게 없어. 그러니까 내 주변에서 얼쩡거리지 마!*
73,25~30,정진영,"명령할 생각말고. 당원은 다 평등해. 서열? 어디서 개수작같은 소리하고 있어? 내 일 내가 알아서 해. 꺼져, 인마. 꺼지란 말이야!*"
73,40~45,정진영,음. 아무튼 이 현장이 전국파업을 제대로 성공시키느냐 못하느냐가 달려있어.*
73,40~45,정진영,사실이야. 우린 그저 지원임무만 띄고 온 거야. 여공들의 수가 많으니까 지켜보자구. 최일선만 잘 막아주면 될 거야. *
73,40~45,정진영,별동대들이 바리케이트를 절대로 넘어오지 못하도록 해. 이 경계를 내어주면 상황이 아주 어려워져.*
73,40~45,정진영,그래. 두한이 쪽은 우리보다 월등하게 많아. 갈수록 우리 전위대 대원들이 줄고 있어. 미군정과 경찰이 우리 간부들을 검거하기 시작하면서 탈퇴하는 대원들이 부쩍 늘어났어.*
73,40~45,정진영,그래.. 그래야겠지.*
73,45~50,정진영,준비들 해!* 놈들이 움직이고 있어. 두 갈래로 갈라지는 군. 여공들을 앞세워. 정면은 우리가 맡고 저쪽 우측은 길이 좁으니까 여공들로 방어벽을 쳐. 빨리빨리 움직여.
73,50~55,정진영,저쪽도 뚫렸다! 안되겠어. 김천호동무! 일단 인원을 이선으로 돌려. 이선으로! 이선으로!*
74,0~5,정진영,개코가 어떻게 그런..? 개코는 내가 잘 알아.
74,0~5,정진영,개코...개코 저 착한놈이 어떻게 그런짓을..?
74,10~15,정진영,두한이 네가.. 개코를 죽이다니? 두한이 네가? 내 반드시..반드시 네놈을 죽일 것이다! 반드시!*
74,25~30,정진영,악몽이다. 이건 분명히 악몽이다. 두한이가 개코를 죽이다니. 이건 악몽이야.
74,25~30,정진영,어려울거야.어려울거야.*
74,25~30,정진영,어려울거야. 두한이는 이미 나를 쏘려고 마음을 굳혔을거야! 틀림없이 그럴거야*
74,25~30,정진영,"그렇게 착한 놈이, 그런 실수를 했단 말인가? 뭔가가 잘못된 거다. 이건 잘못된 거야. 나도 잘못됐고 두한이도 잘못됐고. *"
74,25~30,정진영,"좌익이라고...? 공산당..? 나는 지금까지 낙원을 위해 싸웠다. 헌데 도대체 뭐가 낙원이란 말인가? 낙원이라고? 하.. 아니, 아니야. 내가 지금 무슨 생각을 하는 거야?*"
74,25~30,정진영,"이제 와서 뭘 어쩌자는 말인가? 이제 와서, 뭘? 어차피 이제 나를 기다리는 것은 죽음뿐이다. 김해숙 동무가 죽었듯이 개코도 죽었고, 무옥이도 죽었고, 나도 죽을 것이다. *"
74,25~30,정진영,그렇다면 두한이도 죽어야지. 암. 죽어야지. 그래. 빨리 다 끝내야 한다. 다 끝내야해. 우리 다 함께 죽어버리는 거야. 어차피 우리들의 시대는 이렇게 끝나는 거야.*
74,30~35,정진영,뭔가?
74,30~35,정진영,흠. 그래야겠지. 그러나 쉽게 목을 내어주겠나? 허나 해봐야겠지. 대원들을 다시 소집하고 점검해.
74,30~35,정진영,허나 그 일과 함께 이번에 반드시 해결해야 할 게 있어. 김두한이 말이야. 너무 오래 놓아두었어.
74,30~35,정진영,"이번에 이승만이가 돌아오면 김두한의 별동대도 틀림없이 움직일 것이다. 그때, 수단방법 가리지 말고 죽여야겠다."
74,30~35,정진영,그래. 되도록 내 손으로 죽일 거야. 그러나 만약의 경우 어렵다면 솜씨 좋은 대원들을 시켜서 쏴버리도록 하자.
74,30~35,정진영,그러기 위해서는 보다 더 철저하게 저쪽 정보를 파악해야해. 별동대와 김두한이의 움직임을 낱낱이 살피도록 해. 그리고 계속 보고해.
74,40~45,정진영,그래? 그렇다고 안심할 건 없어. 두한이는 늘 우리 뒤통수를 쳤어. 이승만이가 돌아오는데 휴식을 할 리가 없어.
74,40~45,정진영,지방으로..?
74,40~45,정진영,두한이는?
74,40~45,정진영,"그래? 당연히 술 생각이 나겠지. 저도 인간이라면 말이야. 다시 확인해봐. 그래야 우리도 계획을 세운다. 별동대 애들이 어떻게 움직이는지, 알아야된다 그 말이야."
74,40~45,정진영,별동대에 신영균이나 김관철 같은 핵심 간부들이 없다면 우리에겐 상당히 좋은 기회가 된다. 그자들 하나 하나가 모두 우리가 상대하기 힘든 악질들이거든.
74,40~45,정진영,주변에 핵심들이 지방으로 빠져나갔다..? 지방에 무슨 일이 있길래?
74,50~55,정진영,무슨 얘기를 하는 거야? 연기가 돼? 확실한 거야?
74,50~55,정진영,그 소식 지금 들었나?
74,50~55,정진영,그럼 두한이도 지금 연락을 받았을 텐데... 아직 별동대에 있다고 했지?
74,50~55,정진영,우리는 병력이 얼마나 되나? 지금 당장 여기 얼마나 있어?
74,50~55,정진영,별동대가 비었다. 나가 있는 병력이 들어오려면 우리들이나 저들이나 한참 걸린다. 안 그래?
74,50~55,정진영,서둘러. 차 대기시켜. 여기 본부에 있는 이십 명 다 소집해. 별동대로 간다.
74,50~55,정진영,두한아. 오늘 다 끝 내자. 아주 끝을 내버리자.
74,55~60,정진영,좋아. 경계병력을 남기고 다 들어가.*
74,55~60,정진영,대장실은 어딘가? 두한이 방은?*
74,55~60,정진영,두한아. 나다. 너 있는 거 알고 왔다.
74,55~60,정진영,두한아. 문을 열어라. 나 진영이야.
74,55~60,정진영,"두한아, 내 말 들리냐? 문을 열어라. 어서 열어. 너 있는 거 알고 왔어. 어서 열어. 어서!"
75,0~5,정진영,두한아! 나다! 두한아! 문을 열어라! 나 진영이야!*
75,0~5,정진영,나 진영이다! 문을 열어라 어서! 어서 열어!
75,0~5,정진영,다 알텐데? 오늘에 이르기까지 너무 많은 시간이 흘렀다. 두한아. 이제 정리할 때가 됐다. 어서 열어!
75,0~5,정진영,문을 열고 얘기하자! 비겁하게 천하의 김두한이가 문을 잠그고 숨어있을 작정이냐? 좋다. 그렇다면 문을 부수고 들어가겠다.
75,0~5,정진영,부숴라.
75,0~5,정진영,두한아! 어서 열어!*
75,0~5,정진영,시간이 없다! 더 빨리 서둘러!*
75,0~5,정진영,뭐야? 뭐가 어떻게 된 거야?*
75,0~5,정진영,뭐야?!*
75,0~5,정진영,무슨 소리하는거야! 문이 다 열렸어! 동무들 뭐하는거야! 빨리 부수란 말이야. 빨리빨리!
75,0~5,정진영,그럴 순 없어! 오늘 끝장을 내야 돼! 대 해내야 돼! 이렇게 돌아갈 순 없다! 비켜!*
75,0~5,정진영,또 뭐야!*
75,0~5,정진영,뭐야..?!*
75,5~10,정진영,"이럴수가 있나! 눈 앞에 두한이가 있는데, 이럴수가 있냐고!*"
75,5~10,정진영,두한아! 명심해라! 너는 내 손에 죽을것이다. 반드시 말이다! 가자!*
75,20~25,정진영,그렇다면 그렇게 하시지요.
75,20~25,정진영,나는 일찍부터 나의 갈 길을 알고있었고 결정한 사람입니다. 적어도 사나이라면 세상에 태어나서 자신이 무얼 해야하는지를 아는법입니다. 어떻게 죽어야하는지도 말입니다.*
75,20~25,정진영,영태형님. 아직도 나를 모르십니까? 나는 이미 위대한 사회주의 혁명과 공산당을 위해 죽은 사람입니다!*
75,20~25,정진영,"어차피, 갈 때가 된것 같군요. 그러니까 내 발로 여기까지 찾아왔고. 이런 신세가 된 것이겠지요. 영태형님. 부탁하나 합시다.*"
75,20~25,정진영,"두한이에게 전해주십시오. 아직도 옛 정이 조금이라도 남았다면 그 정리를 생각해서, 추하지 않게 빨리 끝내달라고 말입니다. 개코처럼 말입니다.*"
75,50~55,정진영,"그래.. 술은 잘 못하지만, 오늘은 한잔 마셔야겠다."
75,50~55,정진영,생각이 없다. 용건을 말해라. 이제 우리 그만...끝낼때가 되지 않았냐?
75,50~55,정진영,그래.
75,50~55,정진영,"하지만 이념의 벽이 우리를 불행하게 만들었어. 그러나, 나는 공산당을 택한걸 후회하지 않는다."
75,50~55,정진영,이미 두어잔 했다. 빨리 용건을 끝내라.
75,50~55,정진영,어차피 한 세대가 행복해지려면 그 전 세대는 거름이 되어야 한다. 희생말이야. 야..그런 얘기는 그만하자.
75,50~55,정진영,이제와서 다시 그런 케케묵은 소리를 하다니. 두한이답지가 않구나.
75,50~55,정진영,그래. 그러나 그것도 이미 틀렸다. 여길 벗어나는것이 어렵다는걸 나는 안다.
75,50~55,정진영,하...그래도 마지막을 잘 대우해줘서 고맙다.
75,50~55,정진영,시간끌지 말자!
75,50~55,정진영,안돼!*
75,50~55,정진영,두한아! 나만 죽을순 없다!*
75,50~55,정진영,같이가자. 나만 죽을순 없다. 너도 죽어야 해!*
75,50~55,정진영,"어차피 너나 나나, 너무 많은 사람을 죽였어. 같이 가자구. 같이 가!*"
75,50~55,정진영,같이가야 해! 같이 죽자구. 나도 널 정말로 좋아한다. 같이 죽어서 저세상 가서는 싸우지 말자.*
75,50~55,정진영,다시는 싸우지 말자! 두한아. 용서해라!*
76,0~5,정진영,안돼! 두한아! 나만 죽을 순 없다!*
76,0~5,정진영,두한아. 용서해라.*
76,0~5,정진영,두한아..두한이..!
76,0~5,정진영,나는 공산당이 될거야. 못 사는 사람들을 위해 일 할거야. 프롤레타리아 말이야.
